UnderlyingSymbol,UnderlyingPrice,Exchange,OptionSymbol,OptionExt,Type,Expiration,DataDate,Strike,Last,Bid,Ask,Volume,OpenInterest,IV,Delta,Gamma,Theta,Vega,AKA
GE,13.33,*,GE180420C00007000,,call,04/20/2018,04/16/2018,7,6.4,6.25,6.4,3,9,0.9899,1,0,-0.1525,0,GE180420C00007000
GE,13.33,*,GE180420P00007000,,put,04/20/2018,04/16/2018,7,0.01,0,0.01,10,0,0.9528,0,0,0,0,GE180420P00007000
GE,13.33,*,GE180420C00008000,,call,04/20/2018,04/16/2018,8,5.62,3.55,7.05,0,212,0.9899,1,0,-0.1743,0,GE180420C00008000
GE,13.33,*,GE180420P00008000,,put,04/20/2018,04/16/2018,8,0.01,0,0.01,0,0,0.9528,0,0,0,0,GE180420P00008000
GE,13.33,*,GE180420C00009000,,call,04/20/2018,04/16/2018,9,5.55,2.49,6.3,0,31,0.9899,1,0,-0.2002,0.0001,GE180420C00009000
GE,13.33,*,GE180420P00009000,,put,04/20/2018,04/16/2018,9,0.01,0,0.01,2,770,0.9528,0,0,-0.002,0,GE180420P00009000
GE,13.33,*,GE180420C00009500,,call,04/20/2018,04/16/2018,9.5,3.72,2.47,5.55,0,16,0.9899,0.9999,0.0004,-0.2449,0.0007,GE180420C00009500
GE,13.33,*,GE180420P00009500,,put,04/20/2018,04/16/2018,9.5,0.02,0,0.03,0,0,0.9528,-0.0001,0.0003,-0.0219,0.0004,GE180420P00009500
GE,13.33,*,GE180420C00010000,,call,04/20/2018,04/16/2018,10,3.26,3.25,3.4,7,133,0.9899,0.999,0.0027,-0.4518,0.0043,GE180420C00010000
GE,13.33,*,GE180420P00010000,,put,04/20/2018,04/16/2018,10,0.01,0,0.01,6,3166,0.9528,-0.0007,0.0019,-0.156,0.003,GE180420P00010000
GE,13.33,*,GE180420C00010500,,call,04/20/2018,04/16/2018,10.5,2.86,2.82,2.85,53,32,0.9899,0.9949,0.0116,-1.2353,0.0186,GE180420C00010500
GE,13.33,*,GE180420P00010500,,put,04/20/2018,04/16/2018,10.5,0.01,0,0.01,0,1023,0.9528,-0.0038,0.0093,-0.7522,0.0144,GE180420P00010500
GE,13.33,*,GE180420C00011000,,call,04/20/2018,04/16/2018,11,2.29,2.32,2.35,14,408,0.9899,0.9813,0.0363,-3.3982,0.0584,GE180420C00011000
GE,13.33,*,GE180420P00011000,,put,04/20/2018,04/16/2018,11,0.01,0,0.02,83,1628,0.9528,-0.0155,0.032,-2.5802,0.0496,GE180420P00011000
GE,13.33,*,GE180420C00011500,,call,04/20/2018,04/16/2018,11.5,1.82,1.83,1.86,12,432,0.9899,0.9463,0.0865,-7.7652,0.139,GE180420C00011500
GE,13.33,*,GE180420P00011500,,put,04/20/2018,04/16/2018,11.5,0.03,0.02,0.03,15161,16929,0.9528,-0.0475,0.0816,-6.5648,0.1261,GE180420P00011500
GE,13.33,*,GE180420C00012000,,call,04/20/2018,04/16/2018,12,1.41,1.36,1.4,531,3638,0.8432,0.911,0.1499,-9.7023,0.2051,GE180420C00012000
GE,13.33,*,GE180420P00012000,,put,04/20/2018,04/16/2018,12,0.05,0.05,0.06,1214,60989,0.8863,-0.0993,0.1546,-10.7606,0.2224,GE180420P00012000
GE,13.33,*,GE180420C00012500,,call,04/20/2018,04/16/2018,12.5,0.91,0.93,0.95,1914,2684,0.7936,0.8128,0.266,-15.0989,0.3425,GE180420C00012500
GE,13.33,*,GE180420P00012500,,put,04/20/2018,04/16/2018,12.5,0.11,0.1,0.11,18341,24279,0.7861,-0.1851,0.2667,-14.5849,0.3402,GE180420P00012500
GE,13.33,*,GE180420C00013000,,call,04/20/2018,04/16/2018,13,0.55,0.54,0.56,5589,19319,0.7165,0.6566,0.403,-18.5578,0.4685,GE180420C00013000
GE,13.33,*,GE180420P00013000,,put,04/20/2018,04/16/2018,13,0.22,0.22,0.23,6896,38524,0.7327,-0.3461,0.3952,-18.7447,0.4699,GE180420P00013000
GE,13.33,*,GE180420C00013500,,call,04/20/2018,04/16/2018,13.5,0.28,0.28,0.29,6698,20027,0.7091,0.4403,0.4367,-19.6303,0.5025,GE180420C00013500
GE,13.33,*,GE180420P00013500,,put,04/20/2018,04/16/2018,13.5,0.47,0.45,0.47,4971,13258,0.7244,-0.5579,0.4278,-19.7711,0.5028,GE180420P00013500
GE,13.33,*,GE180420C00014000,,call,04/20/2018,04/16/2018,14,0.13,0.12,0.13,33639,81575,0.7028,0.244,0.3503,-15.4417,0.3995,GE180420C00014000
GE,13.33,*,GE180420P00014000,,put,04/20/2018,04/16/2018,14,0.79,0.78,0.81,751,83221,0.709,-0.754,0.3489,-15.3442,0.4014,GE180420P00014000
GE,13.33,*,GE180420C00014500,,call,04/20/2018,04/16/2018,14.5,0.06,0.05,0.06,1921,10601,0.7334,0.1225,0.2173,-10.4168,0.2586,GE180420C00014500
GE,13.33,*,GE180420P00014500,,put,04/20/2018,04/16/2018,14.5,1.24,1.2,1.23,36,836,0.7012,-0.8886,0.2124,-8.9957,0.2417,GE180420P00014500
GE,13.33,*,GE180420C00015000,,call,04/20/2018,04/16/2018,15,0.04,0.03,0.04,42458,123621,0.8349,0.0754,0.1336,-8.2941,0.181,GE180420C00015000
GE,13.33,*,GE180420P00015000,,put,04/20/2018,04/16/2018,15,1.74,1.67,1.72,442,12927,0.7348,-0.9498,0.1105,-4.9893,0.1318,GE180420P00015000
GE,13.33,*,GE180420C00015500,,call,04/20/2018,04/16/2018,15.5,0.01,0.01,0.02,203,6005,0.8498,0.0348,0.0711,-4.571,0.098,GE180420C00015500
GE,13.33,*,GE180420P00015500,,put,04/20/2018,04/16/2018,15.5,2.17,2.16,2.2,13,723,0.7348,-0.9826,0.046,-1.8747,0.0549,GE180420P00015500
GE,13.33,*,GE180420C00016000,,call,04/20/2018,04/16/2018,16,0.02,0,0.01,122,50325,1.0136,0.0333,0.0574,-5.2528,0.0945,GE180420C00016000
GE,13.33,*,GE180420P00016000,,put,04/20/2018,04/16/2018,16,2.69,2.66,2.69,258,3565,0.7348,-0.9948,0.016,-0.4206,0.0191,GE180420P00016000
GE,13.33,*,GE180420C00016500,,call,04/20/2018,04/16/2018,16.5,0.02,0,0.01,0,1278,1.0606,0.0201,0.0359,-3.598,0.0619,GE180420C00016500
GE,13.33,*,GE180420P00016500,,put,04/20/2018,04/16/2018,16.5,2.92,1.48,4.85,15,516,0.7348,-0.9987,0.0047,0.1322,0.0056,GE180420P00016500
GE,13.33,*,GE180420C00017000,,call,04/20/2018,04/16/2018,17,0.01,0,0.01,10,0,1.1165,0.0131,0.0236,-2.6226,0.0428,GE180420C00017000
GE,13.33,*,GE180420P00017000,,put,04/20/2018,04/16/2018,17,3.66,1.98,5.3,5,1345,0.7348,-0.9997,0.0012,0.3125,0.0014,GE180420P00017000
GE,13.33,*,GE180420C00017500,,call,04/20/2018,04/16/2018,17.5,0.04,0,0.02,0,158,1.1812,0.0093,0.0166,-2.0652,0.0319,GE180420C00017500
GE,13.33,*,GE180420P00017500,,put,04/20/2018,04/16/2018,17.5,4.09,2.54,5.75,0,5,0.7348,-0.9999,0.0003,0.3684,0.0003,GE180420P00017500
GE,13.33,*,GE180420C00018000,,call,04/20/2018,04/16/2018,18,0.01,0,0.01,1,3002,1.2549,0.0073,0.0126,-1.7685,0.0257,GE180420C00018000
GE,13.33,*,GE180420P00018000,,put,04/20/2018,04/16/2018,18,5.25,2.99,5.25,4,189,0.7348,-1,0.0001,0.3897,0.0001,GE180420P00018000
GE,13.33,*,GE180420C00018500,,call,04/20/2018,04/16/2018,18.5,0,0,0.02,0,0,1.3374,0.0062,0.0103,-1.6409,0.0224,GE180420C00018500
GE,13.33,*,GE180420P00018500,,put,04/20/2018,04/16/2018,18.5,5,3.55,6.9,0,0,0.7348,-1,0,0.4027,0,GE180420P00018500
GE,13.33,*,GE180420C00019000,,call,04/20/2018,04/16/2018,19,0.01,0,0.02,0,0,1.3374,0.0034,0.006,-0.9531,0.013,GE180420C00019000
GE,13.33,*,GE180420P00019000,,put,04/20/2018,04/16/2018,19,5.98,3.95,7.45,0,31,0.7348,-1,0,0.414,0,GE180420P00019000
GE,13.33,*,GE180420C00019500,,call,04/20/2018,04/16/2018,19.5,0,0,0.02,0,0,1.3374,0.0018,0.0034,-0.5384,0.0073,GE180420C00019500
GE,13.33,*,GE180420P00019500,,put,04/20/2018,04/16/2018,19.5,6,4.45,7.95,0,0,0.7348,-1,0,0.4249,0,GE180420P00019500
GE,13.33,*,GE180420C00020000,,call,04/20/2018,04/16/2018,20,0.01,0,0.01,0,688,1.3374,0.0009,0.0019,-0.2966,0.004,GE180420C00020000
GE,13.33,*,GE180420P00020000,,put,04/20/2018,04/16/2018,20,6.25,4.7,8.55,0,36,0.7348,-1,0,0.4358,0,GE180420P00020000
GE,13.33,*,GE180420C00021000,,call,04/20/2018,04/16/2018,21,0.01,0,0.02,0,49,1.3374,0.0002,0.0005,-0.0841,0.0011,GE180420C00021000
GE,13.33,*,GE180420P00021000,,put,04/20/2018,04/16/2018,21,7.85,5.9,9.55,0,1,0.7348,-1,0,0.4576,0,GE180420P00021000
GE,13.33,*,GE180420C00022000,,call,04/20/2018,04/16/2018,22,0,0,0.01,0,0,1.3374,0.0001,0.0001,-0.0221,0.0003,GE180420C00022000
GE,13.33,*,GE180420P00022000,,put,04/20/2018,04/16/2018,22,7.2,6.75,10.8,0,0,0.7348,-1,0,0.4794,0,GE180420P00022000
GE,13.33,*,GE180420C00023000,,call,04/20/2018,04/16/2018,23,0.01,0,0.02,0,1248,1.3374,0,0,-0.0054,0.0001,GE180420C00023000
GE,13.33,*,GE180420P00023000,,put,04/20/2018,04/16/2018,23,8.74,8,11.7,0,1,0.7348,-1,0,0.5012,0,GE180420P00023000
GE,13.33,*,GE180427C00008000,,call,04/27/2018,04/16/2018,8,0,3.65,7,0,0,0.6573,1,0,-0.1744,0,GE180427C00008000
GE,13.33,*,GE180427P00008000,,put,04/27/2018,04/16/2018,8,0,0,0.02,0,0,0.8935,-0.0003,0.0005,-0.0336,0.0021,GE180427P00008000
GE,13.33,*,GE180427C00009000,,call,04/27/2018,04/16/2018,9,0,2.41,6.35,0,0,0.6573,0.9998,0.0004,-0.2112,0.0013,GE180427C00009000
GE,13.33,*,GE180427P00009000,,put,04/27/2018,04/16/2018,9,0.01,0,0.02,0,5,0.8935,-0.0036,0.0053,-0.3758,0.0239,GE180427P00009000
GE,13.33,*,GE180427C00009500,,call,04/27/2018,04/16/2018,9.5,0,1.85,5.8,0,0,0.6573,0.9991,0.0021,-0.2857,0.0068,GE180427C00009500
GE,13.33,*,GE180427P00009500,,put,04/27/2018,04/16/2018,9.5,0.04,0,0.04,0,25,0.8935,-0.0098,0.0131,-0.9272,0.0589,GE180427P00009500
GE,13.33,*,GE180427C00010000,,call,04/27/2018,04/16/2018,10,3.45,3.25,3.4,1,31,0.6573,0.9961,0.0079,-0.5188,0.026,GE180427C00010000
GE,13.33,*,GE180427P00010000,,put,04/27/2018,04/16/2018,10,0.01,0.01,0.03,84,921,0.8935,-0.0232,0.0274,-1.9377,0.1232,GE180427P00010000
GE,13.33,*,GE180427C00010500,,call,04/27/2018,04/16/2018,10.5,3,1.11,4.55,0,52,0.6573,0.9867,0.0231,-1.111,0.0764,GE180427C00010500
GE,13.33,*,GE180427P00010500,,put,04/27/2018,04/16/2018,10.5,0.03,0.01,0.04,0,261,0.7877,-0.0306,0.0392,-2.151,0.1553,GE180427P00010500
GE,13.33,*,GE180427C00011000,,call,04/27/2018,04/16/2018,11,2.35,2.34,2.4,3,19,0.6573,0.9639,0.0537,-2.2915,0.1777,GE180427C00011000
GE,13.33,*,GE180427P00011000,,put,04/27/2018,04/16/2018,11,0.03,0.03,0.04,0,92,0.7202,-0.0494,0.0632,-2.897,0.2289,GE180427P00011000
GE,13.33,*,GE180427C00011500,,call,04/27/2018,04/16/2018,11.5,1.88,1.86,1.91,32,66,0.6178,0.9304,0.0965,-3.502,0.2999,GE180427C00011500
GE,13.33,*,GE180427P00011500,,put,04/27/2018,04/16/2018,11.5,0.06,0.05,0.06,2,596,0.6509,-0.0795,0.1013,-3.7891,0.3317,GE180427P00011500
GE,13.33,*,GE180427C00012000,,call,04/27/2018,04/16/2018,12,1.45,1.4,1.44,134,968,0.5677,0.8759,0.1609,-4.83,0.4594,GE180427C00012000
GE,13.33,*,GE180427P00012000,,put,04/27/2018,04/16/2018,12,0.1,0.08,0.09,273,1766,0.5748,-0.1268,0.1613,-4.6959,0.4664,GE180427P00012000
GE,13.33,*,GE180427C00012500,,call,04/27/2018,04/16/2018,12.5,0.95,0.98,1.02,227,400,0.5386,0.7768,0.2471,-6.573,0.6696,GE180427C00012500
GE,13.33,*,GE180427P00012500,,put,04/27/2018,04/16/2018,12.5,0.19,0.17,0.18,219,42773,0.5572,-0.2299,0.2429,-6.6298,0.6809,GE180427P00012500
GE,13.33,*,GE180427C00013000,,call,04/27/2018,04/16/2018,13,0.61,0.63,0.66,184,13871,0.5166,0.6327,0.3251,-7.8778,0.8448,GE180427C00013000
GE,13.33,*,GE180427P00013000,,put,04/27/2018,04/16/2018,13,0.33,0.3,0.32,1653,3406,0.5202,-0.368,0.323,-7.6526,0.8453,GE180427P00013000
GE,13.33,*,GE180427C00013500,,call,04/27/2018,04/16/2018,13.5,0.36,0.36,0.37,915,5434,0.4903,0.4582,0.3608,-7.8308,0.8899,GE180427C00013500
GE,13.33,*,GE180427P00013500,,put,04/27/2018,04/16/2018,13.5,0.56,0.51,0.55,867,2969,0.4939,-0.5412,0.3582,-7.5945,0.89,GE180427P00013500
GE,13.33,*,GE180427C00014000,,call,04/27/2018,04/16/2018,14,0.19,0.17,0.2,1006,10754,0.4787,0.2874,0.3175,-6.5431,0.7645,GE180427C00014000
GE,13.33,*,GE180427P00014000,,put,04/27/2018,04/16/2018,14,0.91,0.83,0.85,534,2113,0.4702,-0.7165,0.3211,-6.0809,0.7595,GE180427P00014000
GE,13.33,*,GE180427C00014500,,call,04/27/2018,04/16/2018,14.5,0.1,0.08,0.1,546,3408,0.4841,0.1624,0.2263,-4.7569,0.5511,GE180427C00014500
GE,13.33,*,GE180427P00014500,,put,04/27/2018,04/16/2018,14.5,1.27,1.23,1.27,5,717,0.481,-0.8393,0.2262,-4.3787,0.5474,GE180427P00014500
GE,13.33,*,GE180427C00015000,,call,04/27/2018,04/16/2018,15,0.05,0.03,0.05,380,5981,0.487,0.082,0.1386,-2.944,0.3396,GE180427C00015000
GE,13.33,*,GE180427P00015000,,put,04/27/2018,04/16/2018,15,1.75,1.69,1.72,55,224,0.4972,-0.9134,0.1416,-2.8065,0.3541,GE180427P00015000
GE,13.33,*,GE180427C00015500,,call,04/27/2018,04/16/2018,15.5,0.03,0.02,0.03,20,2612,0.5317,0.0511,0.088,-2.2246,0.2354,GE180427C00015500
GE,13.33,*,GE180427P00015500,,put,04/27/2018,04/16/2018,15.5,2.22,2.17,2.21,56,419,0.5337,-0.9482,0.0886,-1.919,0.2379,GE180427P00015500
GE,13.33,*,GE180427C00016000,,call,04/27/2018,04/16/2018,16,0.03,0.01,0.02,0,913,0.5634,0.0306,0.0547,-1.5523,0.1551,GE180427C00016000
GE,13.33,*,GE180427P00016000,,put,04/27/2018,04/16/2018,16,2.43,0.98,4.3,0,83,0.5337,-0.9762,0.0468,-0.8428,0.1257,GE180427P00016000
GE,13.33,*,GE180427C00016500,,call,04/27/2018,04/16/2018,16.5,0.01,0.01,0.02,0,1524,0.6403,0.0274,0.0439,-1.6075,0.1415,GE180427C00016500
GE,13.33,*,GE180427P00016500,,put,04/27/2018,04/16/2018,16.5,3.54,1.48,4.85,0,72,0.5337,-0.9899,0.0224,-0.2099,0.0601,GE180427P00016500
GE,13.33,*,GE180427C00017000,,call,04/27/2018,04/16/2018,17,0.01,0,0.01,0,593,0.6636,0.0171,0.0285,-1.1209,0.0952,GE180427C00017000
GE,13.33,*,GE180427P00017000,,put,04/27/2018,04/16/2018,17,4,2.46,5.45,0,159,0.5337,-0.9961,0.0098,0.1216,0.0263,GE180427P00017000
GE,13.33,*,GE180427C00017500,,call,04/27/2018,04/16/2018,17.5,0.07,0,0.03,0,2001,0.7119,0.0136,0.0219,-0.9883,0.0783,GE180427C00017500
GE,13.33,*,GE180427P00017500,,put,04/27/2018,04/16/2018,17.5,2.79,2.67,6,0,5,0.5337,-0.9986,0.0039,0.2811,0.0106,GE180427P00017500
GE,13.33,*,GE180427C00018000,,call,04/27/2018,04/16/2018,18,0.02,0,0.02,0,0,0.7669,0.012,0.0181,-0.9495,0.0699,GE180427C00018000
GE,13.33,*,GE180427P00018000,,put,04/27/2018,04/16/2018,18,5.02,2.98,6.35,0,17,0.5337,-0.9995,0.0015,0.3547,0.004,GE180427P00018000
GE,13.33,*,GE180427C00018500,,call,04/27/2018,04/16/2018,18.5,0.01,0,0.01,0,202,0.7669,0.0067,0.011,-0.5746,0.0423,GE180427C00018500
GE,13.33,*,GE180427P00018500,,put,04/27/2018,04/16/2018,18.5,0,3.35,6.9,0,0,0.5337,-0.9998,0.0005,0.3899,0.0014,GE180427P00018500
GE,13.33,*,GE180427C00019000,,call,04/27/2018,04/16/2018,19,0.01,0,0.02,0,10,0.7669,0.0037,0.0064,-0.3375,0.0248,GE180427C00019000
GE,13.33,*,GE180427P00019000,,put,04/27/2018,04/16/2018,19,5.55,3.95,7.45,0,0,0.5337,-1,0.0002,0.4096,0.0005,GE180427P00019000
GE,13.33,*,GE180427C00019500,,call,04/27/2018,04/16/2018,19.5,0,0,0.02,0,0,0.7669,0.002,0.0037,-0.1929,0.0142,GE180427C00019500
GE,13.33,*,GE180427P00019500,,put,04/27/2018,04/16/2018,19.5,5.85,4.4,7.9,0,0,0.5337,-1,0.0001,0.4234,0.0001,GE180427P00019500
GE,13.33,*,GE180427C00020000,,call,04/27/2018,04/16/2018,20,0.01,0,0.02,0,3,0.7669,0.0011,0.0021,-0.1075,0.0079,GE180427C00020000
GE,13.33,*,GE180427P00020000,,put,04/27/2018,04/16/2018,20,6.56,5.15,8.25,0,0,0.5337,-1,0,0.4353,0,GE180427P00020000
GE,13.33,*,GE180504C00008000,,call,05/04/2018,04/16/2018,8,0,3.75,6.9,0,0,0.5724,1,0,-0.1754,0.0002,GE180504C00008000
GE,13.33,*,GE180504P00008000,,put,05/04/2018,04/16/2018,8,0.01,0,0.02,0,1,0.729,-0.0005,0.0008,-0.0383,0.005,GE180504P00008000
GE,13.33,*,GE180504C00009000,,call,05/04/2018,04/16/2018,9,0,2.4,6.35,0,0,0.5724,0.9994,0.0013,-0.235,0.0065,GE180504C00009000
GE,13.33,*,GE180504P00009000,,put,05/04/2018,04/16/2018,9,0.04,0,0.04,0,11,0.729,-0.0053,0.0071,-0.3355,0.0439,GE180504P00009000
GE,13.33,*,GE180504C00009500,,call,05/04/2018,04/16/2018,9.5,4.05,2.05,5.5,0,10,0.5724,0.9973,0.0049,-0.3501,0.0239,GE180504C00009500
GE,13.33,*,GE180504P00009500,,put,05/04/2018,04/16/2018,9.5,0.02,0,0.04,2,3,0.729,-0.0133,0.0161,-0.7558,0.099,GE180504P00009500
GE,13.33,*,GE180504C00010000,,call,05/04/2018,04/16/2018,10,2.98,1.61,4.85,0,52,0.5724,0.9912,0.0143,-0.6313,0.0691,GE180504C00010000
GE,13.33,*,GE180504P00010000,,put,05/04/2018,04/16/2018,10,0.05,0,0.04,0,29,0.729,-0.029,0.0313,-1.4672,0.1923,GE180504P00010000
GE,13.33,*,GE180504C00010500,,call,05/04/2018,04/16/2018,10.5,2.68,1.12,4.6,0,2,0.5724,0.9764,0.0335,-1.1976,0.162,GE180504C00010500
GE,13.33,*,GE180504P00010500,,put,05/04/2018,04/16/2018,10.5,0.05,0.02,0.05,0,13,0.6579,-0.0406,0.0457,-1.7435,0.2535,GE180504P00010500
GE,13.33,*,GE180504C00011000,,call,05/04/2018,04/16/2018,11,2.33,2.36,2.41,415,412,0.5724,0.9464,0.0656,-2.1313,0.3166,GE180504C00011000
GE,13.33,*,GE180504P00011000,,put,05/04/2018,04/16/2018,11,0.07,0.03,0.07,0,53,0.5976,-0.0608,0.0693,-2.1804,0.3495,GE180504P00011000
GE,13.33,*,GE180504C00011500,,call,05/04/2018,04/16/2018,11.5,2.08,0.17,3.6,0,42,0.4805,0.9296,0.0967,-2.2117,0.3919,GE180504C00011500
GE,13.33,*,GE180504P00011500,,put,05/04/2018,04/16/2018,11.5,0.08,0.05,0.09,15011,72,0.5342,-0.0908,0.1054,-2.6436,0.475,GE180504P00011500
GE,13.33,*,GE180504C00012000,,call,05/04/2018,04/16/2018,12,1.47,1.44,1.48,128,399,0.495,0.8504,0.1619,-3.7396,0.6762,GE180504C00012000
GE,13.33,*,GE180504P00012000,,put,05/04/2018,04/16/2018,12,0.12,0.1,0.14,6,463,0.4986,-0.1512,0.1618,-3.5282,0.6809,GE180504P00012000
GE,13.33,*,GE180504C00012500,,call,05/04/2018,04/16/2018,12.5,1.03,1.02,1.06,248,397,0.4567,0.7599,0.2344,-4.541,0.9032,GE180504C00012500
GE,13.33,*,GE180504P00012500,,put,05/04/2018,04/16/2018,12.5,0.21,0.19,0.22,15033,1124,0.4651,-0.2435,0.2319,-4.3815,0.9101,GE180504P00012500
GE,13.33,*,GE180504C00013000,,call,05/04/2018,04/16/2018,13,0.67,0.67,0.71,117,704,0.4369,0.6262,0.2985,-5.2288,1.1004,GE180504C00013000
GE,13.33,*,GE180504P00013000,,put,05/04/2018,04/16/2018,13,0.36,0.33,0.36,76,704,0.4355,-0.3735,0.2994,-4.9285,1.1001,GE180504P00013000
GE,13.33,*,GE180504C00013500,,call,05/04/2018,04/16/2018,13.5,0.42,0.42,0.44,99,869,0.4327,0.4696,0.3165,-5.3913,1.1555,GE180504C00013500
GE,13.33,*,GE180504P00013500,,put,05/04/2018,04/16/2018,13.5,0.59,0.56,0.61,1542,557,0.4318,-0.5305,0.3171,-5.0863,1.1555,GE180504P00013500
GE,13.33,*,GE180504C00014000,,call,05/04/2018,04/16/2018,14,0.22,0.21,0.25,1329,10546,0.4125,0.3124,0.2954,-4.5515,1.0282,GE180504C00014000
GE,13.33,*,GE180504P00014000,,put,05/04/2018,04/16/2018,14,0.89,0.87,0.91,47,814,0.4168,-0.6855,0.2932,-4.3069,1.0312,GE180504P00014000
GE,13.33,*,GE180504C00014500,,call,05/04/2018,04/16/2018,14.5,0.12,0.1,0.13,135,1586,0.4059,0.1853,0.2266,-3.3689,0.7763,GE180504C00014500
GE,13.33,*,GE180504P00014500,,put,05/04/2018,04/16/2018,14.5,1.29,1.28,1.3,25,53,0.4313,-0.7987,0.2243,-3.4468,0.8163,GE180504P00014500
GE,13.33,*,GE180504C00015000,,call,05/04/2018,04/16/2018,15,0.08,0.06,0.07,102,802,0.4264,0.1126,0.1544,-2.5254,0.5555,GE180504C00015000
GE,13.33,*,GE180504P00015000,,put,05/04/2018,04/16/2018,15,1.68,1.71,1.74,1,163,0.4347,-0.8825,0.1561,-2.3259,0.5724,GE180504P00015000
GE,13.33,*,GE180504C00015500,,call,05/04/2018,04/16/2018,15.5,0.04,0.02,0.04,17,340,0.4233,0.0573,0.0935,-1.5039,0.3338,GE180504C00015500
GE,13.33,*,GE180504P00015500,,put,05/04/2018,04/16/2018,15.5,2.03,0.49,3.95,0,7,0.421,-0.9437,0.0926,-1.1368,0.3291,GE180504P00015500
GE,13.33,*,GE180504C00016000,,call,05/04/2018,04/16/2018,16,0.02,0,0.04,14,88,0.4977,0.0527,0.0743,-1.6507,0.3122,GE180504C00016000
GE,13.33,*,GE180504P00016000,,put,05/04/2018,04/16/2018,16,3.04,0.97,4.35,0,114,0.421,-0.9734,0.0504,-0.4524,0.179,GE180504P00016000
GE,13.33,*,GE180504C00016500,,call,05/04/2018,04/16/2018,16.5,0.02,0,0.03,2,52,0.5238,0.0357,0.0516,-1.2681,0.2281,GE180504C00016500
GE,13.33,*,GE180504P00016500,,put,05/04/2018,04/16/2018,16.5,2.99,3.15,3.25,0,74,0.421,-0.9883,0.0249,-0.0362,0.0885,GE180504P00016500
GE,13.33,*,GE180504C00017000,,call,05/04/2018,04/16/2018,17,0.06,0,0.04,0,74,0.5548,0.026,0.0375,-1.0333,0.1757,GE180504C00017000
GE,13.33,*,GE180504P00017000,,put,05/04/2018,04/16/2018,17,0,1.63,5.65,0,0,0.421,-0.9953,0.0113,0.191,0.0401,GE180504P00017000
GE,13.33,*,GE180504C00017500,,call,05/04/2018,04/16/2018,17.5,0,0,0.04,0,0,0.5907,0.0206,0.0289,-0.9016,0.1441,GE180504C00017500
GE,13.33,*,GE180504P00017500,,put,05/04/2018,04/16/2018,17.5,4.67,2.05,5.9,0,4,0.421,-0.9982,0.0047,0.306,0.0168,GE180504P00017500
GE,13.33,*,GE180504C00018000,,call,05/04/2018,04/16/2018,18,0.02,0,0.02,0,34,0.6314,0.0176,0.0237,-0.8426,0.126,GE180504C00018000
GE,13.33,*,GE180504P00018000,,put,05/04/2018,04/16/2018,18,4.35,2.97,6.4,0,16,0.421,-0.9994,0.0018,0.3626,0.0066,GE180504P00018000
GE,13.33,*,GE180504C00018500,,call,05/04/2018,04/16/2018,18.5,0.01,0,0.04,0,60,0.677,0.0161,0.0205,-0.8397,0.1172,GE180504C00018500
GE,13.33,*,GE180504P00018500,,put,05/04/2018,04/16/2018,18.5,0,3.2,7,0,0,0.421,-0.9998,0.0007,0.3921,0.0024,GE180504P00018500
GE,13.33,*,GE180504C00019000,,call,05/04/2018,04/16/2018,19,0,0,0.02,0,0,0.7274,0.0158,0.0187,-0.884,0.1149,GE180504C00019000
GE,13.33,*,GE180504P00019000,,put,05/04/2018,04/16/2018,19,0,3.7,7.55,0,0,0.421,-0.9999,0.0002,0.41,0.0008,GE180504P00019000
GE,13.33,*,GE180511C00008500,,call,05/11/2018,04/16/2018,8.5,0,3.2,6.45,0,0,0.4433,1,0.0001,-0.1865,0.0005,GE180511C00008500
GE,13.33,*,GE180511P00008500,,put,05/11/2018,04/16/2018,8.5,0,0,0.05,0,0,0.6793,-0.0039,0.0049,-0.2015,0.0398,GE180511P00008500
GE,13.33,*,GE180511C00009000,,call,05/11/2018,04/16/2018,9,4.65,4.3,4.45,0,1,0.4433,0.9998,0.0006,-0.2057,0.003,GE180511C00009000
GE,13.33,*,GE180511P00009000,,put,05/11/2018,04/16/2018,9,0.03,0,0.04,0,16,0.6793,-0.0098,0.0112,-0.4545,0.0898,GE180511P00009000
GE,13.33,*,GE180511C00009500,,call,05/11/2018,04/16/2018,9.5,0,2.07,5.45,0,0,0.4433,0.9988,0.0027,-0.2528,0.014,GE180511C00009500
GE,13.33,*,GE180511P00009500,,put,05/11/2018,04/16/2018,9.5,0.02,0,0.06,0,0,0.6793,-0.0213,0.0219,-0.8897,0.1759,GE180511P00009500
GE,13.33,*,GE180511C00010000,,call,05/11/2018,04/16/2018,10,3.05,1.62,5.05,0,2,0.4433,0.9951,0.0093,-0.3794,0.0491,GE180511C00010000
GE,13.33,*,GE180511P00010000,,put,05/11/2018,04/16/2018,10,0.05,0.01,0.1,0,20,0.6793,-0.0414,0.0379,-1.5407,0.3049,GE180511P00010000
GE,13.33,*,GE180511C00010500,,call,05/11/2018,04/16/2018,10.5,0,1.15,4.45,0,0,0.4433,0.9844,0.0257,-0.6717,0.1347,GE180511C00010500
GE,13.33,*,GE180511P00010500,,put,05/11/2018,04/16/2018,10.5,0.09,0.02,0.11,0,3,0.6209,-0.0573,0.0538,-1.8238,0.3955,GE180511P00010500
GE,13.33,*,GE180511C00011000,,call,05/11/2018,04/16/2018,11,0,0.65,4.1,0,0,0.4433,0.9598,0.0567,-1.2171,0.2978,GE180511C00011000
GE,13.33,*,GE180511P00011000,,put,05/11/2018,04/16/2018,11,0.08,0.04,0.1,0,24,0.5472,-0.0748,0.075,-1.9728,0.4864,GE180511P00011000
GE,13.33,*,GE180511C00011500,,call,05/11/2018,04/16/2018,11.5,1.65,0.21,3.35,0,8,0.4224,0.9225,0.0999,-1.8096,0.4997,GE180511C00011500
GE,13.33,*,GE180511P00011500,,put,05/11/2018,04/16/2018,11.5,0.09,0.07,0.12,0,198,0.4933,-0.1085,0.1097,-2.3375,0.6409,GE180511P00011500
GE,13.33,*,GE180511C00012000,,call,05/11/2018,04/16/2018,12,1.45,1.47,1.51,20,2,0.4493,0.8356,0.1601,-3.0824,0.8523,GE180511C00012000
GE,13.33,*,GE180511P00012000,,put,05/11/2018,04/16/2018,12,0.17,0.13,0.16,3,228,0.4524,-0.1659,0.16,-2.8572,0.8572,GE180511P00012000
GE,13.33,*,GE180511C00012500,,call,05/11/2018,04/16/2018,12.5,1.13,1.07,1.1,1,26,0.4233,0.7441,0.2208,-3.7075,1.1071,GE180511C00012500
GE,13.33,*,GE180511P00012500,,put,05/11/2018,04/16/2018,12.5,0.24,0.22,0.25,162,221,0.4214,-0.2551,0.2214,-3.4142,1.1054,GE180511P00012500
GE,13.33,*,GE180511C00013000,,call,05/11/2018,04/16/2018,13,0.73,0.73,0.75,69,245,0.4054,0.6201,0.2729,-4.1483,1.3104,GE180511C00013000
GE,13.33,*,GE180511P00013000,,put,05/11/2018,04/16/2018,13,0.41,0.37,0.4,89,404,0.3999,-0.3789,0.2764,-3.8084,1.3093,GE180511P00013000
GE,13.33,*,GE180511C00013500,,call,05/11/2018,04/16/2018,13.5,0.45,0.46,0.49,15066,792,0.3963,0.4767,0.292,-4.2023,1.3707,GE180511C00013500
GE,13.33,*,GE180511P00013500,,put,05/11/2018,04/16/2018,13.5,0.65,0.61,0.63,442,152,0.3923,-0.524,0.2949,-3.8669,1.3706,GE180511P00013500
GE,13.33,*,GE180511C00014000,,call,05/11/2018,04/16/2018,14,0.27,0.25,0.29,560,1404,0.3792,0.331,0.2778,-3.6396,1.248,GE180511C00014000
GE,13.33,*,GE180511P00014000,,put,05/11/2018,04/16/2018,14,0.98,0.91,0.94,17,106,0.3835,-0.6668,0.2754,-3.385,1.2512,GE180511P00014000
GE,13.33,*,GE180511C00014500,,call,05/11/2018,04/16/2018,14.5,0.14,0.13,0.16,20,929,0.373,0.2089,0.2238,-2.8237,0.9888,GE180511C00014500
GE,13.33,*,GE180511P00014500,,put,05/11/2018,04/16/2018,14.5,1.45,1.19,1.47,0,21,0.3901,-0.7795,0.2208,-2.7305,1.0204,GE180511P00014500
GE,13.33,*,GE180511C00015000,,call,05/11/2018,04/16/2018,15,0.08,0.07,0.09,10,256,0.3804,0.1276,0.1595,-2.0859,0.7187,GE180511C00015000
GE,13.33,*,GE180511P00015000,,put,05/11/2018,04/16/2018,15,2.03,1.67,3.35,0,5,0.3901,-0.8659,0.161,-1.8873,0.744,GE180511P00015000
GE,13.33,*,GE180511C00015500,,call,05/11/2018,04/16/2018,15.5,0.06,0.03,0.05,0,56,0.3803,0.0705,0.1031,-1.3449,0.4647,GE180511C00015500
GE,13.33,*,GE180511P00015500,,put,05/11/2018,04/16/2018,15.5,2.06,2.18,2.27,0,1,0.3901,-0.924,0.1065,-1.1234,0.4921,GE180511P00015500
GE,13.33,*,GE180511C00016000,,call,05/11/2018,04/16/2018,16,0.03,0.01,0.04,33,156,0.3935,0.0417,0.0658,-0.9161,0.3065,GE180511C00016000
GE,13.33,*,GE180511P00016000,,put,05/11/2018,04/16/2018,16,0,0.96,4.45,0,0,0.3901,-0.9598,0.0645,-0.5351,0.2981,GE180511P00016000
GE,13.33,*,GE180511C00016500,,call,05/11/2018,04/16/2018,16.5,0.03,0,0.04,0,79,0.3935,0.0209,0.0372,-0.5172,0.1733,GE180511C00016500
GE,13.33,*,GE180511P00016500,,put,05/11/2018,04/16/2018,16.5,3.1,1.48,4.8,0,30,0.3901,-0.98,0.0361,-0.1345,0.1668,GE180511P00016500
GE,13.33,*,GE180511C00017000,,call,05/11/2018,04/16/2018,17,0.02,0,0.04,12,1,0.3935,0.0099,0.0196,-0.2721,0.0913,GE180511C00017000
GE,13.33,*,GE180511P00017000,,put,05/11/2018,04/16/2018,17,0,1.96,5.4,0,0,0.3901,-0.9906,0.0188,0.1132,0.0869,GE180511P00017000
GE,13.33,*,GE180511C00017500,,call,05/11/2018,04/16/2018,17.5,0.02,0,0.05,0,2,0.3935,0.0045,0.0097,-0.1343,0.0451,GE180511C00017500
GE,13.33,*,GE180511P00017500,,put,05/11/2018,04/16/2018,17.5,4.17,2.46,5.9,0,3,0.3901,-0.9958,0.0092,0.2557,0.0424,GE180511P00017500
GE,13.33,*,GE180511C00018000,,call,05/11/2018,04/16/2018,18,0,0,0.04,0,0,0.3935,0.0019,0.0045,-0.0626,0.021,GE180511C00018000
GE,13.33,*,GE180511P00018000,,put,05/11/2018,04/16/2018,18,0,2.96,6.45,0,0,0.3901,-0.9982,0.0042,0.3342,0.0195,GE180511P00018000
GE,13.33,*,GE180511C00018500,,call,05/11/2018,04/16/2018,18.5,0.01,0,0.04,0,1,0.3935,0.0008,0.002,-0.0277,0.0093,GE180511C00018500
GE,13.33,*,GE180511P00018500,,put,05/11/2018,04/16/2018,18.5,0,3.55,6.9,0,0,0.3901,-0.9993,0.0018,0.3776,0.0085,GE180511P00018500
GE,13.33,*,GE180518C00005000,,call,05/18/2018,04/16/2018,5,8.3,6.7,9.95,3,81,0.4931,1,0,-0.1088,0,GE180518C00005000
GE,13.33,*,GE180518P00005000,,put,05/18/2018,04/16/2018,5,0.01,0,0.02,3,30,0.6934,0,0,0,0,GE180518P00005000
GE,13.33,*,GE180518C00006000,,call,05/18/2018,04/16/2018,6,7.45,5.7,8.95,0,21,0.4931,1,0,-0.1305,0,GE180518C00006000
GE,13.33,*,GE180518P00006000,,put,05/18/2018,04/16/2018,6,0.01,0,0.01,0,0,0.6934,0,0,-0.0018,0.0004,GE180518P00006000
GE,13.33,*,GE180518C00007000,,call,05/18/2018,04/16/2018,7,5.8,4.6,8.1,0,2,0.4931,1,0,-0.1524,0.0001,GE180518C00007000
GE,13.33,*,GE180518P00007000,,put,05/18/2018,04/16/2018,7,0.01,0,0.02,0,24,0.6934,-0.0005,0.0007,-0.0287,0.0072,GE180518P00007000
GE,13.33,*,GE180518C00008000,,call,05/18/2018,04/16/2018,8,5.7,3.7,6.95,0,24,0.4931,0.9999,0.0003,-0.1804,0.0022,GE180518C00008000
GE,13.33,*,GE180518P00008000,,put,05/18/2018,04/16/2018,8,0.01,0,0.05,0,292,0.6934,-0.0043,0.0047,-0.1999,0.0498,GE180518P00008000
GE,13.33,*,GE180518C00009000,,call,05/18/2018,04/16/2018,9,4.1,2.72,5.95,0,123,0.4931,0.9975,0.0041,-0.2828,0.0306,GE180518C00009000
GE,13.33,*,GE180518P00009000,,put,05/18/2018,04/16/2018,9,0.03,0.01,0.04,2,1352,0.6934,-0.0205,0.0182,-0.7724,0.1928,GE180518P00009000
GE,13.33,*,GE180518C00010000,,call,05/18/2018,04/16/2018,10,3.15,1.64,5.05,0,499,0.4931,0.981,0.0241,-0.7319,0.1811,GE180518C00010000
GE,13.33,*,GE180518P00010000,,put,05/18/2018,04/16/2018,10,0.04,0.03,0.05,26,790,0.5916,-0.0396,0.037,-1.1372,0.3336,GE180518P00010000
GE,13.33,*,GE180518C00011000,,call,05/18/2018,04/16/2018,11,2.37,2.4,2.45,50,1865,0.4931,0.9215,0.0761,-1.8594,0.5726,GE180518C00011000
GE,13.33,*,GE180518P00011000,,put,05/18/2018,04/16/2018,11,0.08,0.07,0.09,223,1712,0.5055,-0.0832,0.0776,-1.7349,0.5981,GE180518P00011000
GE,13.33,*,GE180518C00012000,,call,05/18/2018,04/16/2018,12,1.53,1.52,1.54,145,4484,0.4323,0.8181,0.1565,-2.8022,1.0318,GE180518C00012000
GE,13.33,*,GE180518P00012000,,put,05/18/2018,04/16/2018,12,0.19,0.17,0.18,249,10421,0.4299,-0.1808,0.1567,-2.5169,1.0277,GE180518P00012000
GE,13.33,*,GE180518C00013000,,call,05/18/2018,04/16/2018,13,0.78,0.77,0.8,449,7860,0.3847,0.6161,0.2542,-3.5041,1.4916,GE180518C00013000
GE,13.33,*,GE180518P00013000,,put,05/18/2018,04/16/2018,13,0.43,0.43,0.44,6085,35604,0.3876,-0.3844,0.2524,-3.2476,1.4922,GE180518P00013000
GE,13.33,*,GE180518C00014000,,call,05/18/2018,04/16/2018,14,0.31,0.31,0.32,2080,43992,0.3644,0.3489,0.2599,-3.1612,1.4449,GE180518C00014000
GE,13.33,*,GE180518P00014000,,put,05/18/2018,04/16/2018,14,0.96,0.95,0.97,333,34010,0.3652,-0.6507,0.2595,-2.8647,1.4455,GE180518P00014000
GE,13.33,*,GE180518C00015000,,call,05/18/2018,04/16/2018,15,0.1,0.09,0.1,1391,16083,0.3523,0.1415,0.1629,-1.8354,0.8755,GE180518C00015000
GE,13.33,*,GE180518P00015000,,put,05/18/2018,04/16/2018,15,1.74,1.74,1.77,93,4971,0.3718,-0.8442,0.1647,-1.7387,0.9338,GE180518P00015000
GE,13.33,*,GE180518C00016000,,call,05/18/2018,04/16/2018,16,0.03,0.03,0.04,93,7047,0.3781,0.0575,0.0781,-1.0074,0.4502,GE180518C00016000
GE,13.33,*,GE180518P00016000,,put,05/18/2018,04/16/2018,16,2.69,2.66,2.71,260,1994,0.3909,-0.9358,0.0823,-0.7863,0.4904,GE180518P00016000
GE,13.33,*,GE180518C00017000,,call,05/18/2018,04/16/2018,17,0.02,0.01,0.03,126,3142,0.4237,0.0299,0.041,-0.6628,0.2652,GE180518C00017000
GE,13.33,*,GE180518P00017000,,put,05/18/2018,04/16/2018,17,3.65,3.6,3.75,10,1319,0.3909,-0.9798,0.032,-0.0698,0.1906,GE180518P00017000
GE,13.33,*,GE180518C00018000,,call,05/18/2018,04/16/2018,18,0.02,0.01,0.02,32,520,0.4867,0.0216,0.0272,-0.578,0.2018,GE180518C00018000
GE,13.33,*,GE180518P00018000,,put,05/18/2018,04/16/2018,18,4.4,2.99,5.15,0,102,0.3909,-0.9946,0.0101,0.2523,0.0605,GE180518P00018000
GE,13.33,*,GE180518C00019000,,call,05/18/2018,04/16/2018,19,0.01,0.01,0.03,0,765,0.4867,0.0082,0.0118,-0.2496,0.0873,GE180518C00019000
GE,13.33,*,GE180518P00019000,,put,05/18/2018,04/16/2018,19,5.41,4.1,7.35,0,124,0.3909,-0.9987,0.0027,0.376,0.0163,GE180518P00019000
GE,13.33,*,GE180518C00020000,,call,05/18/2018,04/16/2018,20,0.02,0,0.02,0,424,0.4867,0.0029,0.0046,-0.0986,0.0345,GE180518C00020000
GE,13.33,*,GE180518P00020000,,put,05/18/2018,04/16/2018,20,6.76,5,6.95,0,0,0.3909,-0.9997,0.0006,0.4264,0.0038,GE180518P00020000
GE,13.33,*,GE180518C00021000,,call,05/18/2018,04/16/2018,21,0.01,0,0.02,0,6,0.4867,0.001,0.0017,-0.0361,0.0126,GE180518C00021000
GE,13.33,*,GE180518P00021000,,put,05/18/2018,04/16/2018,21,6.95,5.85,9.7,0,0,0.3909,-1,0.0001,0.455,0.0008,GE180518P00021000
GE,13.33,*,GE180518C00022000,,call,05/18/2018,04/16/2018,22,0.01,0,0.02,6,1,0.4867,0.0003,0.0006,-0.0124,0.0044,GE180518C00022000
GE,13.33,*,GE180518P00022000,,put,05/18/2018,04/16/2018,22,9.03,7,10.4,0,0,0.3909,-1,0,0.4783,0.0001,GE180518P00022000
GE,13.33,*,GE180518C00023000,,call,05/18/2018,04/16/2018,23,0.01,0,0.01,3,0,0.4867,0.0001,0.0002,-0.0041,0.0014,GE180518C00023000
GE,13.33,*,GE180518P00023000,,put,05/18/2018,04/16/2018,23,8.48,7.95,11.35,0,1,0.3909,-1,0,0.5003,0,GE180518P00023000
GE,13.33,*,GE180518C00024000,,call,05/18/2018,04/16/2018,24,0.01,0,0.02,0,16,0.4867,0,0.0001,-0.0013,0.0004,GE180518C00024000
GE,13.33,*,GE180518P00024000,,put,05/18/2018,04/16/2018,24,0,9.05,12.4,0,0,0.3909,-1,0,0.5221,0,GE180518P00024000
GE,13.33,*,GE180518C00025000,,call,05/18/2018,04/16/2018,25,0.01,0,0.01,0,102,0.4867,0,0,-0.0004,0.0001,GE180518C00025000
GE,13.33,*,GE180518P00025000,,put,05/18/2018,04/16/2018,25,0,10,13.4,0,0,0.3909,-1,0,0.5439,0,GE180518P00025000
GE,13.33,*,GE180525C00008000,,call,05/25/2018,04/16/2018,8,5.38,3.65,7,6,0,0.3796,1,0,-0.1744,0.0002,GE180525C00008000
GE,13.33,*,GE180525P00008000,,put,05/25/2018,04/16/2018,8,0,0,0.05,0,0,0.6078,-0.0034,0.0039,-0.1284,0.0447,GE180525P00008000
GE,13.33,*,GE180525C00008500,,call,05/25/2018,04/16/2018,8.5,0,3.15,6.55,0,0,0.3796,0.9999,0.0002,-0.1877,0.0016,GE180525C00008500
GE,13.33,*,GE180525P00008500,,put,05/25/2018,04/16/2018,8.5,0,0,0.06,0,0,0.6078,-0.0083,0.0086,-0.2811,0.098,GE180525P00008500
GE,13.33,*,GE180525C00009000,,call,05/25/2018,04/16/2018,9,0,2.63,5.95,0,0,0.3796,0.9995,0.0011,-0.2102,0.0081,GE180525C00009000
GE,13.33,*,GE180525P00009000,,put,05/25/2018,04/16/2018,9,0,0,0.06,0,0,0.6078,-0.0177,0.0166,-0.5394,0.1883,GE180525P00009000
GE,13.33,*,GE180525C00009500,,call,05/25/2018,04/16/2018,9.5,0,2.07,5.5,0,0,0.3796,0.9977,0.0044,-0.2621,0.0311,GE180525C00009500
GE,13.33,*,GE180525P00009500,,put,05/25/2018,04/16/2018,9.5,0.05,0,0.07,5,0,0.6078,-0.0336,0.0285,-0.9244,0.3231,GE180525P00009500
GE,13.33,*,GE180525C00010000,,call,05/25/2018,04/16/2018,10,0,1.61,4.95,0,0,0.3796,0.9922,0.0131,-0.3831,0.0929,GE180525C00010000
GE,13.33,*,GE180525P00010000,,put,05/25/2018,04/16/2018,10,0.07,0,0.12,0,5,0.5541,-0.0443,0.0391,-1.052,0.4041,GE180525P00010000
GE,13.33,*,GE180525C00010500,,call,05/25/2018,04/16/2018,10.5,0,1.22,4.4,0,0,0.3796,0.9783,0.0316,-0.6266,0.224,GE180525C00010500
GE,13.33,*,GE180525P00010500,,put,05/25/2018,04/16/2018,10.5,0.11,0.04,0.1,0,31,0.5172,-0.0641,0.0561,-1.3141,0.5418,GE180525P00010500
GE,13.33,*,GE180525C00011000,,call,05/25/2018,04/16/2018,11,0,0.7,4.15,0,0,0.3796,0.9497,0.0632,-1.033,0.4477,GE180525C00011000
GE,13.33,*,GE180525P00011000,,put,05/25/2018,04/16/2018,11,0.13,0.07,0.12,0,91,0.4779,-0.0913,0.0795,-1.5848,0.7091,GE180525P00011000
GE,13.33,*,GE180525C00011500,,call,05/25/2018,04/16/2018,11.5,1.77,0.26,3.6,0,2,0.372,0.9039,0.1061,-1.5245,0.7363,GE180525C00011500
GE,13.33,*,GE180525P00011500,,put,05/25/2018,04/16/2018,11.5,0.13,0.12,0.14,0,83,0.4368,-0.1292,0.1116,-1.852,0.91,GE180525P00011500
GE,13.33,*,GE180525C00012000,,call,05/25/2018,04/16/2018,12,1.64,1.54,1.57,3,13,0.409,0.8096,0.1538,-2.4867,1.1736,GE180525C00012000
GE,13.33,*,GE180525P00012000,,put,05/25/2018,04/16/2018,12,0.18,0.19,0.21,22,236,0.4112,-0.1914,0.1535,-2.2456,1.1777,GE180525P00012000
GE,13.33,*,GE180525C00012500,,call,05/25/2018,04/16/2018,12.5,1.16,1.15,1.18,20,19,0.3884,0.723,0.1996,-2.8594,1.4465,GE180525C00012500
GE,13.33,*,GE180525P00012500,,put,05/25/2018,04/16/2018,12.5,0.32,0.3,0.32,15,625,0.3909,-0.278,0.1986,-2.6091,1.449,GE180525P00012500
GE,13.33,*,GE180525C00013000,,call,05/25/2018,04/16/2018,13,0.8,0.82,0.84,58,438,0.3731,0.6128,0.2376,-3.0979,1.654,GE180525C00013000
GE,13.33,*,GE180525P00013000,,put,05/25/2018,04/16/2018,13,0.49,0.46,0.48,87,1090,0.373,-0.3871,0.2376,-2.8144,1.654,GE180525P00013000
GE,13.33,*,GE180525C00013500,,call,05/25/2018,04/16/2018,13.5,0.53,0.55,0.57,45,269,0.3622,0.4881,0.2549,-3.1001,1.7226,GE180525C00013500
GE,13.33,*,GE180525P00013500,,put,05/25/2018,04/16/2018,13.5,0.72,0.69,0.71,160,595,0.3628,-0.5118,0.2544,-2.8115,1.7226,GE180525P00013500
GE,13.33,*,GE180525C00014000,,call,05/25/2018,04/16/2018,14,0.35,0.34,0.37,37,980,0.3531,0.3627,0.2459,-2.8213,1.6202,GE180525C00014000
GE,13.33,*,GE180525P00014000,,put,05/25/2018,04/16/2018,14,1.01,0.98,1.01,6,48,0.3544,-0.6367,0.2451,-2.5287,1.6212,GE180525P00014000
GE,13.33,*,GE180525C00014500,,call,05/25/2018,04/16/2018,14.5,0.21,0.19,0.23,43,205,0.3452,0.2496,0.2129,-2.3222,1.3717,GE180525C00014500
GE,13.33,*,GE180525P00014500,,put,05/25/2018,04/16/2018,14.5,1.38,1.21,1.51,4,48,0.3442,-0.7511,0.2132,-1.9967,1.3696,GE180525P00014500
GE,13.33,*,GE180525C00015000,,call,05/25/2018,04/16/2018,15,0.12,0.11,0.13,57,718,0.3422,0.1615,0.1656,-1.7673,1.0576,GE180525C00015000
GE,13.33,*,GE180525P00015000,,put,05/25/2018,04/16/2018,15,1.62,1.66,1.91,0,7,0.3462,-0.8354,0.1658,-1.4839,1.0708,GE180525P00015000
GE,13.33,*,GE180525C00015500,,call,05/25/2018,04/16/2018,15.5,0.11,0.06,0.08,0,28,0.3465,0.1026,0.1195,-1.303,0.7727,GE180525C00015500
GE,13.33,*,GE180525P00015500,,put,05/25/2018,04/16/2018,15.5,2.51,0.52,3.95,0,43,0.4127,-0.8517,0.1298,-1.6673,0.9996,GE180525P00015500
GE,13.33,*,GE180525C00016000,,call,05/25/2018,04/16/2018,16,0.04,0.03,0.05,10,100,0.35,0.0627,0.0815,-0.9045,0.5324,GE180525C00016000
GE,13.33,*,GE180525P00016000,,put,05/25/2018,04/16/2018,16,2.68,2.21,2.76,1,106,0.4407,-0.8832,0.1031,-1.463,0.848,GE180525P00016000
GE,13.33,*,GE180525C00016500,,call,05/25/2018,04/16/2018,16.5,0.03,0,0.06,0,21,0.4,0.059,0.068,-0.9832,0.5078,GE180525C00016500
GE,13.33,*,GE180525P00016500,,put,05/25/2018,04/16/2018,16.5,3.05,1.45,4.9,0,428,0.4755,-0.9019,0.0842,-1.3598,0.7475,GE180525P00016500
GE,13.33,*,GE180525C00017000,,call,05/25/2018,04/16/2018,17,0.03,0,0.04,0,2,0.4133,0.0417,0.0499,-0.7686,0.3848,GE180525C00017000
GE,13.33,*,GE180525P00017000,,put,05/25/2018,04/16/2018,17,4,1.96,5.45,0,1,0.5171,-0.9121,0.0714,-1.3509,0.6893,GE180525P00017000
GE,13.33,*,GE180525C00017500,,call,05/25/2018,04/16/2018,17.5,0.03,0,0.04,0,2,0.4285,0.0305,0.0372,-0.6156,0.2976,GE180525C00017500
GE,13.33,*,GE180525P00017500,,put,05/25/2018,04/16/2018,17.5,0,2.45,5.85,0,0,0.5655,-0.9164,0.0629,-1.4296,0.664,GE180525P00017500
GE,13.33,*,GE180525C00018000,,call,05/25/2018,04/16/2018,18,0,0,0.04,0,0,0.4456,0.0232,0.0285,-0.5093,0.2371,GE180525C00018000
GE,13.33,*,GE180525P00018000,,put,05/25/2018,04/16/2018,18,4.9,4.6,6.45,0,1,0.5655,-0.9376,0.0503,-1.0542,0.5307,GE180525P00018000
GE,13.33,*,GE180525C00018500,,call,05/25/2018,04/16/2018,18.5,0.02,0,0.04,0,10,0.4646,0.0185,0.0225,-0.4375,0.1955,GE180525C00018500
GE,13.33,*,GE180525P00018500,,put,05/25/2018,04/16/2018,18.5,0,3.5,6.95,0,0,0.5655,-0.9539,0.0395,-0.7334,0.4172,GE180525P00018500
GE,13.33,*,GE180525C00019000,,call,05/25/2018,04/16/2018,19,0,0,0.03,0,0,0.4855,0.0154,0.0185,-0.3912,0.1674,GE180525C00019000
GE,13.33,*,GE180525P00019000,,put,05/25/2018,04/16/2018,19,0,4.1,7.3,0,0,0.5655,-0.9664,0.0306,-0.4658,0.3231,GE180525P00019000
GE,13.33,*,GE180525C00020000,,call,05/25/2018,04/16/2018,20,0,0,0.02,0,0,0.5329,0.0122,0.0138,-0.3515,0.1372,GE180525C00020000
GE,13.33,*,GE180525P00020000,,put,05/25/2018,04/16/2018,20,0,5.1,8.3,0,0,0.5655,-0.9826,0.0176,-0.071,0.1862,GE180525P00020000
GE,13.33,*,GE180601C00008000,,call,06/01/2018,04/16/2018,8,0,3.7,7,0,0,0.4487,0.9993,0.0008,-0.1631,0.0075,GE180601C00008000
GE,13.33,*,GE180601P00008000,,put,06/01/2018,04/16/2018,8,0,0,0.05,0,0,0.6366,-0.0082,0.0075,-0.2678,0.1054,GE180601P00008000
GE,13.33,*,GE180601C00008500,,call,06/01/2018,04/16/2018,8.5,0,3.2,6.45,0,0,0.4487,0.9981,0.0025,-0.2051,0.0249,GE180601C00008500
GE,13.33,*,GE180601P00008500,,put,06/01/2018,04/16/2018,8.5,0,0,0.07,0,0,0.6366,-0.0166,0.0138,-0.4933,0.1944,GE180601P00008500
GE,13.33,*,GE180601C00009000,,call,06/01/2018,04/16/2018,9,0,2.63,6.05,0,0,0.4487,0.9948,0.0068,-0.2918,0.0674,GE180601C00009000
GE,13.33,*,GE180601P00009000,,put,06/01/2018,04/16/2018,9,0,0,0.12,0,0,0.6366,-0.0305,0.023,-0.8205,0.3237,GE180601P00009000
GE,13.33,*,GE180601C00009500,,call,06/01/2018,04/16/2018,9.5,0,2.05,5.5,0,0,0.4487,0.9871,0.0155,-0.4561,0.1535,GE180601C00009500
GE,13.33,*,GE180601P00009500,,put,06/01/2018,04/16/2018,9.5,0,0,0.09,0,0,0.5832,-0.039,0.0308,-0.9187,0.3962,GE180601P00009500
GE,13.33,*,GE180601C00010000,,call,06/01/2018,04/16/2018,10,0,1.66,5,0,0,0.4487,0.9719,0.0304,-0.7289,0.301,GE180601C00010000
GE,13.33,*,GE180601P00010000,,put,06/01/2018,04/16/2018,10,0,0.02,0.08,0,0,0.5053,-0.043,0.0385,-0.8603,0.429,GE180601P00010000
GE,13.33,*,GE180601C00010500,,call,06/01/2018,04/16/2018,10.5,0,1.21,4.45,0,0,0.4487,0.9454,0.0523,-1.1237,0.5177,GE180601C00010500
GE,13.33,*,GE180601P00010500,,put,06/01/2018,04/16/2018,10.5,0,0.03,0.11,0,0,0.4709,-0.0623,0.0554,-1.074,0.576,GE180601P00010500
GE,13.33,*,GE180601C00011000,,call,06/01/2018,04/16/2018,11,0,2.05,4.05,0,0,0.4374,0.9096,0.0791,-1.5342,0.764,GE180601C00011000
GE,13.33,*,GE180601P00011000,,put,06/01/2018,04/16/2018,11,0.09,0.06,0.13,32,0,0.4379,-0.0904,0.0792,-1.3231,0.7654,GE180601P00011000
GE,13.33,*,GE180601C00011500,,call,06/01/2018,04/16/2018,11.5,0,0.27,3.7,0,0,0.427,0.8582,0.1118,-1.9959,1.0536,GE180601C00011500
GE,13.33,*,GE180601P00011500,,put,06/01/2018,04/16/2018,11.5,0.14,0.13,0.15,13,0,0.412,-0.1342,0.1117,-1.6457,1.0156,GE180601P00011500
GE,13.33,*,GE180601C00012000,,call,06/01/2018,04/16/2018,12,0,1.5,1.76,0,0,0.426,0.7856,0.1457,-2.5227,1.3696,GE180601C00012000
GE,13.33,*,GE180601P00012000,,put,06/01/2018,04/16/2018,12,0.21,0.2,0.23,10,0,0.3901,-0.1972,0.1515,-1.9908,1.3041,GE180601P00012000
GE,13.33,*,GE180601C00012500,,call,06/01/2018,04/16/2018,12.5,1.4,1.14,1.24,0,2,0.3718,0.7172,0.1935,-2.5422,1.5881,GE180601C00012500
GE,13.33,*,GE180601P00012500,,put,06/01/2018,04/16/2018,12.5,0.35,0.31,0.34,2,10,0.3694,-0.2816,0.1945,-2.2757,1.5855,GE180601P00012500
GE,13.33,*,GE180601C00013000,,call,06/01/2018,04/16/2018,13,0.93,0.84,0.88,202,26,0.3591,0.6105,0.2273,-2.7478,1.8012,GE180601C00013000
GE,13.33,*,GE180601P00013000,,put,06/01/2018,04/16/2018,13,0.52,0.47,0.51,12,274,0.3547,-0.3885,0.23,-2.4564,1.8002,GE180601P00013000
GE,13.33,*,GE180601C00013500,,call,06/01/2018,04/16/2018,13.5,0.62,0.57,0.61,15,10,0.3485,0.4913,0.2436,-2.7462,1.8733,GE180601C00013500
GE,13.33,*,GE180601P00013500,,put,06/01/2018,04/16/2018,13.5,0.73,0.71,0.74,133,24,0.3478,-0.5086,0.2441,-2.4716,1.8733,GE180601P00013500
GE,13.33,*,GE180601C00014000,,call,06/01/2018,04/16/2018,14,0.4,0.36,0.4,17,72,0.3384,0.3703,0.2375,-2.5071,1.774,GE180601C00014000
GE,13.33,*,GE180601P00014000,,put,06/01/2018,04/16/2018,14,1.02,0.99,1.05,1,10,0.3411,-0.6281,0.2359,-2.2493,1.7761,GE180601P00014000
GE,13.33,*,GE180601C00014500,,call,06/01/2018,04/16/2018,14.5,0.24,0.22,0.25,162,566,0.334,0.2627,0.2078,-2.1245,1.5318,GE180601C00014500
GE,13.33,*,GE180601P00014500,,put,06/01/2018,04/16/2018,14.5,1.43,1.36,1.39,3,3,0.3375,-0.7345,0.2067,-1.8659,1.5394,GE180601P00014500
GE,13.33,*,GE180601C00015000,,call,06/01/2018,04/16/2018,15,0.12,0.12,0.16,186,120,0.331,0.1756,0.1661,-1.6605,1.2134,GE180601C00015000
GE,13.33,*,GE180601P00015000,,put,06/01/2018,04/16/2018,15,0,1.64,1.96,0,0,0.3157,-0.837,0.1659,-1.2078,1.1559,GE180601P00015000
GE,13.33,*,GE180601C00015500,,call,06/01/2018,04/16/2018,15.5,0.13,0.07,0.1,1,20,0.3354,0.1158,0.1238,-1.2666,0.9166,GE180601C00015500
GE,13.33,*,GE180601P00015500,,put,06/01/2018,04/16/2018,15.5,0,0.51,3.95,0,0,0.3352,-0.8841,0.1238,-0.9519,0.9157,GE180601P00015500
GE,13.33,*,GE180601C00016000,,call,06/01/2018,04/16/2018,16,0.07,0.04,0.06,1228,1708,0.338,0.0732,0.0875,-0.9065,0.6527,GE180601C00016000
GE,13.33,*,GE180601P00016000,,put,06/01/2018,04/16/2018,16,0,1,4.35,0,0,0.3352,-0.9284,0.0866,-0.5584,0.6403,GE180601P00016000
GE,13.33,*,GE180601C00016500,,call,06/01/2018,04/16/2018,16.5,0.05,0,0.05,0,2,0.369,0.0598,0.0685,-0.844,0.558,GE180601C00016500
GE,13.33,*,GE180601P00016500,,put,06/01/2018,04/16/2018,16.5,3.18,3.15,3.3,25,0,0.3352,-0.9576,0.0571,-0.2464,0.4226,GE180601P00016500
GE,13.33,*,GE180601C00017000,,call,06/01/2018,04/16/2018,17,0.04,0,0.05,50,25,0.3678,0.0365,0.0463,-0.5659,0.376,GE180601C00017000
GE,13.33,*,GE180601P00017000,,put,06/01/2018,04/16/2018,17,0,1.98,5.3,0,0,0.3352,-0.9759,0.0358,-0.0178,0.2646,GE180601P00017000
GE,13.33,*,GE180601C00017500,,call,06/01/2018,04/16/2018,17.5,0,0,0.06,0,0,0.3675,0.0218,0.0302,-0.3676,0.2448,GE180601C00017500
GE,13.33,*,GE180601P00017500,,put,06/01/2018,04/16/2018,17.5,0,2.49,5.8,0,0,0.3352,-0.9867,0.0214,0.1397,0.158,GE180601P00017500
GE,13.33,*,GE180601C00018000,,call,06/01/2018,04/16/2018,18,0,0,0.05,0,0,0.368,0.0128,0.0191,-0.2332,0.1552,GE180601C00018000
GE,13.33,*,GE180601P00018000,,put,06/01/2018,04/16/2018,18,0,2.97,6.35,0,0,0.3352,-0.9929,0.0122,0.2434,0.0904,GE180601P00018000
GE,13.33,*,GE180615C00009000,,call,06/15/2018,04/16/2018,9,4.59,2.92,5.9,0,61,0.5185,0.9773,0.0194,-0.6507,0.2899,GE180615C00009000
GE,13.33,*,GE180615P00009000,,put,06/15/2018,04/16/2018,9,0.05,0.02,0.09,0,3382,0.582,-0.0354,0.025,-0.7396,0.4195,GE180615P00009000
GE,13.33,*,GE180615C00010000,,call,06/15/2018,04/16/2018,10,3.58,1.97,5.2,0,481,0.5185,0.9327,0.0467,-1.3118,0.6998,GE180615C00010000
GE,13.33,*,GE180615P00010000,,put,06/15/2018,04/16/2018,10,0.07,0.05,0.08,36,5557,0.4791,-0.0545,0.0429,-0.8571,0.5933,GE180615P00010000
GE,13.33,*,GE180615C00011000,,call,06/15/2018,04/16/2018,11,2.44,2.4,2.92,57,926,0.5185,0.8509,0.0833,-2.1805,1.2478,GE180615C00011000
GE,13.33,*,GE180615P00011000,,put,06/15/2018,04/16/2018,11,0.13,0.11,0.14,58,9345,0.4192,-0.1071,0.0819,-1.2443,0.9912,GE180615P00011000
GE,13.33,*,GE180615C00012000,,call,06/15/2018,04/16/2018,12,1.75,1.54,1.74,68,3149,0.3746,0.7867,0.1445,-1.9941,1.5632,GE180615C00012000
GE,13.33,*,GE180615P00012000,,put,06/15/2018,04/16/2018,12,0.25,0.21,0.32,166,29548,0.3749,-0.2135,0.1444,-1.7356,1.5639,GE180615P00012000
GE,13.33,*,GE180615C00013000,,call,06/15/2018,04/16/2018,13,0.92,0.91,0.96,674,8991,0.3464,0.6082,0.2064,-2.3562,2.0647,GE180615C00013000
GE,13.33,*,GE180615P00013000,,put,06/15/2018,04/16/2018,13,0.56,0.56,0.58,1249,34719,0.3518,-0.3926,0.2033,-2.109,2.0659,GE180615P00013000
GE,13.33,*,GE180615C00014000,,call,06/15/2018,04/16/2018,14,0.45,0.44,0.47,1999,22128,0.33,0.3915,0.2166,-2.1991,2.0643,GE180615C00014000
GE,13.33,*,GE180615P00014000,,put,06/15/2018,04/16/2018,14,1.13,1.09,1.11,373,47296,0.3418,-0.603,0.2099,-1.9793,2.0722,GE180615P00014000
GE,13.33,*,GE180615C00015000,,call,06/15/2018,04/16/2018,15,0.2,0.2,0.21,5676,52164,0.3317,0.215,0.1639,-1.6601,1.5703,GE180615C00015000
GE,13.33,*,GE180615P00015000,,put,06/15/2018,04/16/2018,15,1.87,1.73,1.88,20,41575,0.3176,-0.7968,0.1656,-1.2134,1.5192,GE180615P00015000
GE,13.33,*,GE180615C00016000,,call,06/15/2018,04/16/2018,16,0.1,0.09,0.1,6905,54828,0.3457,0.1122,0.1027,-1.1206,1.0252,GE180615C00016000
GE,13.33,*,GE180615P00016000,,put,06/15/2018,04/16/2018,16,2.73,2.65,3.2,217,47115,0.4703,-0.8022,0.11,-1.8668,1.4948,GE180615P00016000
GE,13.33,*,GE180615C00017000,,call,06/15/2018,04/16/2018,17,0.06,0.05,0.06,69,60764,0.3755,0.0659,0.0635,-0.8132,0.6885,GE180615C00017000
GE,13.33,*,GE180615P00017000,,put,06/15/2018,04/16/2018,17,3.75,3.55,3.8,12,38712,0.5457,-0.8363,0.0842,-1.9014,1.3275,GE180615P00017000
GE,13.33,*,GE180615C00018000,,call,06/15/2018,04/16/2018,18,0.04,0.03,0.04,392,108592,0.4062,0.0418,0.0409,-0.6108,0.4797,GE180615C00018000
GE,13.33,*,GE180615P00018000,,put,06/15/2018,04/16/2018,18,5.25,4.35,4.95,9,38799,0.5706,-0.88,0.0652,-1.5269,1.0749,GE180615P00018000
GE,13.33,*,GE180615C00019000,,call,06/15/2018,04/16/2018,19,0.02,0.02,0.03,31,125581,0.4385,0.029,0.028,-0.4869,0.3552,GE180615C00019000
GE,13.33,*,GE180615P00019000,,put,06/15/2018,04/16/2018,19,5.5,5.25,7.3,0,42801,0.5976,-0.9092,0.0509,-1.2259,0.8786,GE180615P00019000
GE,13.33,*,GE180615C00020000,,call,06/15/2018,04/16/2018,20,0.03,0.02,0.03,679,129317,0.4901,0.0264,0.0232,-0.5028,0.3288,GE180615C00020000
GE,13.33,*,GE180615P00020000,,put,06/15/2018,04/16/2018,20,6.7,6.15,7.85,1,34595,0.6264,-0.9287,0.0405,-0.9944,0.7319,GE180615P00020000
GE,13.33,*,GE180615C00021000,,call,06/15/2018,04/16/2018,21,0.01,0.01,0.02,0,57071,0.4987,0.0161,0.015,-0.3358,0.2161,GE180615C00021000
GE,13.33,*,GE180615P00021000,,put,06/15/2018,04/16/2018,21,7.71,6.05,9.4,6,5350,0.6573,-0.9417,0.033,-0.8247,0.626,GE180615P00021000
GE,13.33,*,GE180615C00022000,,call,06/15/2018,04/16/2018,22,0.01,0.01,0.03,30,24936,0.4987,0.0088,0.0089,-0.199,0.1282,GE180615C00022000
GE,13.33,*,GE180615P00022000,,put,06/15/2018,04/16/2018,22,8.5,6.95,10.4,4,12732,0.6573,-0.9595,0.0247,-0.479,0.468,GE180615P00022000
GE,13.33,*,GE180615C00023000,,call,06/15/2018,04/16/2018,23,0.01,0.01,0.03,65,23860,0.4987,0.0047,0.0051,-0.1148,0.074,GE180615C00023000
GE,13.33,*,GE180615P00023000,,put,06/15/2018,04/16/2018,23,9.48,9.6,9.95,0,15797,0.6573,-0.9721,0.0181,-0.2041,0.3444,GE180615P00023000
GE,13.33,*,GE180615C00024000,,call,06/15/2018,04/16/2018,24,0.02,0,0.03,0,42860,0.4987,0.0025,0.0029,-0.0648,0.0418,GE180615C00024000
GE,13.33,*,GE180615P00024000,,put,06/15/2018,04/16/2018,24,10.93,9.15,12.25,0,1345,0.6573,-0.9809,0.0132,0.0106,0.2501,GE180615P00024000
GE,13.33,*,GE180615C00025000,,call,06/15/2018,04/16/2018,25,0.01,0,0.03,0,0,0.4987,0.0013,0.0016,-0.0359,0.0232,GE180615C00025000
GE,13.33,*,GE180615P00025000,,put,06/15/2018,04/16/2018,25,12,11.6,13.35,0,17105,0.6573,-0.987,0.0095,0.1765,0.1796,GE180615P00025000
GE,13.33,*,GE180615C00026000,,call,06/15/2018,04/16/2018,26,0.01,0,0.02,0,4884,0.4987,0.0007,0.0009,-0.0196,0.0126,GE180615C00026000
GE,13.33,*,GE180615P00026000,,put,06/15/2018,04/16/2018,26,11.6,10.65,14.45,0,21,0.6573,-0.9912,0.0067,0.3041,0.1277,GE180615P00026000
GE,13.33,*,GE180615C00027000,,call,06/15/2018,04/16/2018,27,0.02,0,0.02,0,4918,0.4987,0.0003,0.0005,-0.0105,0.0068,GE180615C00027000
GE,13.33,*,GE180615P00027000,,put,06/15/2018,04/16/2018,27,13.6,12.05,14.95,0,9045,0.6573,-0.9941,0.0047,0.4025,0.0902,GE180615P00027000
GE,13.33,*,GE180615C00028000,,call,06/15/2018,04/16/2018,28,0.01,0,0.02,0,8359,0.4987,0.0002,0.0003,-0.0056,0.0036,GE180615C00028000
GE,13.33,*,GE180615P00028000,,put,06/15/2018,04/16/2018,28,14.6,13.05,16.4,0,898,0.6573,-0.996,0.0033,0.4792,0.0632,GE180615P00028000
GE,13.33,*,GE180615C00029000,,call,06/15/2018,04/16/2018,29,0.02,0,0.05,0,1044,0.4987,0.0001,0.0001,-0.003,0.0019,GE180615C00029000
GE,13.33,*,GE180615P00029000,,put,06/15/2018,04/16/2018,29,14,13.9,17.45,0,30,0.6573,-0.9973,0.0023,0.54,0.0441,GE180615P00029000
GE,13.33,*,GE180615C00030000,,call,06/15/2018,04/16/2018,30,0.01,0,0.01,0,12506,0.4987,0,0.0001,-0.0015,0.001,GE180615C00030000
GE,13.33,*,GE180615P00030000,,put,06/15/2018,04/16/2018,30,15.36,15,18.4,0,60,0.6573,-0.9982,0.0016,0.5892,0.0306,GE180615P00030000
GE,13.33,*,GE180615C00031000,,call,06/15/2018,04/16/2018,31,0.02,0,0.02,0,415,0.4987,0,0,-0.0008,0.0005,GE180615C00031000
GE,13.33,*,GE180615P00031000,,put,06/15/2018,04/16/2018,31,16.75,15.9,19.35,0,290,0.6573,-0.9988,0.0011,0.6301,0.0212,GE180615P00031000
GE,13.33,*,GE180615C00032000,,call,06/15/2018,04/16/2018,32,0.05,0,0.02,0,6228,0.4987,0,0,-0.0004,0.0003,GE180615C00032000
GE,13.33,*,GE180615P00032000,,put,06/15/2018,04/16/2018,32,16.65,16.8,20.55,0,6,0.6573,-0.9992,0.0008,0.6652,0.0146,GE180615P00032000
GE,13.33,*,GE180615C00035000,,call,06/15/2018,04/16/2018,35,0.01,0,0.01,10,3438,0.4987,0,0,-0.0001,0,GE180615C00035000
GE,13.33,*,GE180615P00035000,,put,06/15/2018,04/16/2018,35,18.9,20.15,23.3,0,20,0.6573,-0.9998,0.0002,0.7505,0.0047,GE180615P00035000
GE,13.33,*,GE180615C00037000,,call,06/15/2018,04/16/2018,37,0.01,0,0.05,0,1243,0.4987,0,0,0,0,GE180615C00037000
GE,13.33,*,GE180615P00037000,,put,06/15/2018,04/16/2018,37,22.75,21.9,25.65,0,679,0.6573,-0.9999,0.0001,0.7991,0.0022,GE180615P00037000
GE,13.33,*,GE180615C00040000,,call,06/15/2018,04/16/2018,40,0.01,0,0.05,0,388,0.4987,0,0,0,0,GE180615C00040000
GE,13.33,*,GE180615P00040000,,put,06/15/2018,04/16/2018,40,23.74,25,28.25,0,20,0.6573,-1,0,0.8673,0.0007,GE180615P00040000
GE,13.33,*,GE180615C00042000,,call,06/15/2018,04/16/2018,42,0.03,0,0.05,0,43,0.4987,0,0,0,0,GE180615C00042000
GE,13.33,*,GE180615P00042000,,put,06/15/2018,04/16/2018,42,25.9,27.05,30.35,0,30,0.6573,-1,0,0.9115,0.0003,GE180615P00042000
GE,13.33,*,GE180615C00045000,,call,06/15/2018,04/16/2018,45,0.01,0,0.03,0,850,0.4987,0,0,0,0,GE180615C00045000
GE,13.33,*,GE180615P00045000,,put,06/15/2018,04/16/2018,45,31.75,31.5,33.35,0,18,0.6573,-1,0,0.9771,0.0001,GE180615P00045000
GE,13.33,*,GE180720C00005000,,call,07/20/2018,04/16/2018,5,8.05,6.65,10.1,0,233,0.5577,0.9999,0.0002,-0.1125,0.0039,GE180720C00005000
GE,13.33,*,GE180720P00005000,,put,07/20/2018,04/16/2018,5,0.02,0,0.02,0,86,0.5577,-0.0001,0.0002,-0.0041,0.0039,GE180720P00005000
GE,13.33,*,GE180720C00006000,,call,07/20/2018,04/16/2018,6,7.5,5.5,9.35,0,16,0.5577,0.9985,0.0013,-0.1643,0.0322,GE180720C00006000
GE,13.33,*,GE180720P00006000,,put,07/20/2018,04/16/2018,6,0.03,0,0.04,0,101,0.5577,-0.0015,0.0013,-0.0342,0.0322,GE180720P00006000
GE,13.33,*,GE180720C00007000,,call,07/20/2018,04/16/2018,7,6.4,4.65,8.15,0,22,0.5577,0.9925,0.0055,-0.3004,0.14,GE180720C00007000
GE,13.33,*,GE180720P00007000,,put,07/20/2018,04/16/2018,7,0.04,0,0.09,0,212,0.5577,-0.0075,0.0055,-0.1486,0.14,GE180720P00007000
GE,13.33,*,GE180720C00008000,,call,07/20/2018,04/16/2018,8,5.35,3.6,7.15,397,109,0.5577,0.9751,0.0154,-0.5906,0.3941,GE180720C00008000
GE,13.33,*,GE180720P00008000,,put,07/20/2018,04/16/2018,8,0.04,0.03,0.05,1,491,0.5577,-0.0249,0.0154,-0.4172,0.3941,GE180720P00008000
GE,13.33,*,GE180720C00009000,,call,07/20/2018,04/16/2018,9,4.2,3.55,5.65,0,158,0.5577,0.9391,0.0319,-1.0564,0.817,GE180720C00009000
GE,13.33,*,GE180720P00009000,,put,07/20/2018,04/16/2018,9,0.1,0.05,0.06,0,430,0.4763,-0.0387,0.026,-0.5109,0.568,GE180720P00009000
GE,13.33,*,GE180720C00010000,,call,07/20/2018,04/16/2018,10,3.68,2.47,5.1,0,201,0.511,0.8958,0.0522,-1.3937,1.2254,GE180720C00010000
GE,13.33,*,GE180720P00010000,,put,07/20/2018,04/16/2018,10,0.12,0.09,0.11,27,652,0.4248,-0.0715,0.0474,-0.7368,0.9244,GE180720P00010000
GE,13.33,*,GE180720C00011000,,call,07/20/2018,04/16/2018,11,2.5,2.17,3.15,51,674,0.4697,0.8283,0.08,-1.7495,1.7257,GE180720C00011000
GE,13.33,*,GE180720P00011000,,put,07/20/2018,04/16/2018,11,0.2,0.18,0.2,35,3409,0.3833,-0.133,0.0827,-1.0372,1.4564,GE180720P00011000
GE,13.33,*,GE180720C00012000,,call,07/20/2018,04/16/2018,12,1.73,1.7,1.8,22,1720,0.3443,0.7643,0.1319,-1.5733,2.0859,GE180720C00012000
GE,13.33,*,GE180720P00012000,,put,07/20/2018,04/16/2018,12,0.39,0.37,0.42,216,9347,0.3645,-0.245,0.1273,-1.4225,2.1304,GE180720P00012000
GE,13.33,*,GE180720C00013000,,call,07/20/2018,04/16/2018,13,1.05,1.04,1.12,694,4427,0.3247,0.6059,0.1749,-1.7906,2.6078,GE180720C00013000
GE,13.33,*,GE180720P00013000,,put,07/20/2018,04/16/2018,13,0.72,0.7,0.78,775,3651,0.3489,-0.3967,0.163,-1.632,2.6124,GE180720P00013000
GE,13.33,*,GE180720C00014000,,call,07/20/2018,04/16/2018,14,0.58,0.57,0.63,435,8592,0.3129,0.4233,0.1847,-1.7162,2.6534,GE180720C00014000
GE,13.33,*,GE180720P00014000,,put,07/20/2018,04/16/2018,14,1.27,1.22,1.31,122,8088,0.3406,-0.5652,0.1705,-1.5658,2.6673,GE180720P00014000
GE,13.33,*,GE180720C00015000,,call,07/20/2018,04/16/2018,15,0.29,0.29,0.32,2073,13500,0.308,0.2612,0.1558,-1.3822,2.2035,GE180720C00015000
GE,13.33,*,GE180720P00015000,,put,07/20/2018,04/16/2018,15,1.97,1.92,1.97,5,2720,0.3319,-0.7196,0.1498,-1.2142,2.2826,GE180720P00015000
GE,13.33,*,GE180720C00016000,,call,07/20/2018,04/16/2018,16,0.13,0.12,0.17,1608,5356,0.3062,0.1448,0.1098,-0.9532,1.5434,GE180720C00016000
GE,13.33,*,GE180720P00016000,,put,07/20/2018,04/16/2018,16,2.83,1.06,3.1,20,2377,0.4003,-0.7787,0.1095,-1.27,2.0135,GE180720P00016000
GE,13.33,*,GE180720C00017000,,call,07/20/2018,04/16/2018,17,0.07,0.06,0.08,131,2573,0.3117,0.0778,0.0689,-0.616,0.9865,GE180720C00017000
GE,13.33,*,GE180720P00017000,,put,07/20/2018,04/16/2018,17,3.6,2.02,5.35,0,951,0.4089,-0.8506,0.0839,-0.9175,1.576,GE180720P00017000
GE,13.33,*,GE180720C00018000,,call,07/20/2018,04/16/2018,18,0.04,0.02,0.05,87,1719,0.3171,0.0403,0.0403,-0.3712,0.5871,GE180720C00018000
GE,13.33,*,GE180720P00018000,,put,07/20/2018,04/16/2018,18,5,2.96,6.4,0,1307,0.424,-0.8961,0.0628,-0.6405,1.2231,GE180720P00018000
GE,13.33,*,GE180720C00019000,,call,07/20/2018,04/16/2018,19,0.03,0,0.03,0,2815,0.3363,0.0253,0.0259,-0.2673,0.4002,GE180720C00019000
GE,13.33,*,GE180720P00019000,,put,07/20/2018,04/16/2018,19,6.04,4.05,7.4,0,99,0.4456,-0.9231,0.0478,-0.4511,0.9775,GE180720P00019000
GE,13.33,*,GE180720C00020000,,call,07/20/2018,04/16/2018,20,0.03,0,0.04,21,1206,0.3442,0.0139,0.0152,-0.1643,0.241,GE180720C00020000
GE,13.33,*,GE180720P00020000,,put,07/20/2018,04/16/2018,20,6.2,5.85,7.65,0,67,0.4738,-0.9383,0.0379,-0.3392,0.8252,GE180720P00020000
GE,13.33,*,GE180720C00021000,,call,07/20/2018,04/16/2018,21,0.03,0,0.06,0,216,0.3442,0.0066,0.0079,-0.0854,0.1256,GE180720C00021000
GE,13.33,*,GE180720P00021000,,put,07/20/2018,04/16/2018,21,7.4,6,9.4,0,120,0.5086,-0.9459,0.0318,-0.2906,0.7436,GE180720P00021000
GE,13.33,*,GE180720C00022000,,call,07/20/2018,04/16/2018,22,0.02,0.01,0.06,0,900,0.3442,0.003,0.004,-0.0426,0.0627,GE180720C00022000
GE,13.33,*,GE180720P00022000,,put,07/20/2018,04/16/2018,22,8.92,6.85,10.45,0,4,0.5086,-0.963,0.0235,-0.0721,0.548,GE180720P00022000
GE,13.33,*,GE180720C00023000,,call,07/20/2018,04/16/2018,23,0.01,0,0.02,0,62,0.3442,0.0014,0.0019,-0.0205,0.0302,GE180720C00023000
GE,13.33,*,GE180720P00023000,,put,07/20/2018,04/16/2018,23,9.6,7.75,11.8,0,0,0.5086,-0.9749,0.017,0.1011,0.3971,GE180720P00023000
GE,13.33,*,GE180720C00024000,,call,07/20/2018,04/16/2018,24,0.02,0,0.04,0,22,0.3442,0.0006,0.0009,-0.0096,0.0142,GE180720C00024000
GE,13.33,*,GE180720P00024000,,put,07/20/2018,04/16/2018,24,9.8,8.7,12.8,0,0,0.5086,-0.9831,0.0122,0.2364,0.2838,GE180720P00024000
GE,13.33,*,GE180720C00025000,,call,07/20/2018,04/16/2018,25,0,0,0.04,0,0,0.3442,0.0003,0.0004,-0.0044,0.0065,GE180720C00025000
GE,13.33,*,GE180720P00025000,,put,07/20/2018,04/16/2018,25,0,9.8,13.4,0,0,0.5086,-0.9887,0.0086,0.3416,0.2005,GE180720P00025000
GE,13.33,*,GE180720C00026000,,call,07/20/2018,04/16/2018,26,0.01,0,0.03,0,200,0.3442,0.0001,0.0002,-0.002,0.0029,GE180720C00026000
GE,13.33,*,GE180720P00026000,,put,07/20/2018,04/16/2018,26,13,10.85,14.65,0,0,0.5086,-0.9925,0.006,0.4236,0.1402,GE180720P00026000
GE,13.33,*,GE180720C00027000,,call,07/20/2018,04/16/2018,27,0,0,0.03,0,0,0.3442,0,0.0001,-0.0009,0.0013,GE180720C00027000
GE,13.33,*,GE180720P00027000,,put,07/20/2018,04/16/2018,27,13.58,11.95,15.4,0,4,0.5086,-0.995,0.0042,0.4882,0.0973,GE180720P00027000
GE,13.33,*,GE180720C00028000,,call,07/20/2018,04/16/2018,28,0,0,0.02,0,0,0.3442,0,0,-0.0004,0.0006,GE180720C00028000
GE,13.33,*,GE180720P00028000,,put,07/20/2018,04/16/2018,28,0,12.6,16.85,0,0,0.5086,-0.9967,0.0029,0.54,0.067,GE180720P00028000
GE,13.33,*,GE180720C00029000,,call,07/20/2018,04/16/2018,29,0,0,0.02,0,0,0.3442,0,0,-0.0002,0.0002,GE180720C00029000
GE,13.33,*,GE180720P00029000,,put,07/20/2018,04/16/2018,29,14.8,13.75,17.7,0,0,0.5086,-0.9978,0.002,0.5828,0.0459,GE180720P00029000
GE,13.33,*,GE180720C00030000,,call,07/20/2018,04/16/2018,30,0,0,0.02,0,0,0.3442,0,0,-0.0001,0.0001,GE180720C00030000
GE,13.33,*,GE180720P00030000,,put,07/20/2018,04/16/2018,30,0,14.7,18.8,0,0,0.5086,-0.9986,0.0013,0.619,0.0313,GE180720P00030000
GE,13.33,*,GE180921C00009000,,call,09/21/2018,04/16/2018,9,4.65,3.2,6.4,10,134,0.4588,0.9313,0.0329,-0.7875,1.1578,GE180921C00009000
GE,13.33,*,GE180921P00009000,,put,09/21/2018,04/16/2018,9,0.12,0.05,0.16,0,1778,0.4212,-0.0556,0.0304,-0.4616,0.9822,GE180921P00009000
GE,13.33,*,GE180921C00010000,,call,09/21/2018,04/16/2018,10,3.55,3.35,4.7,11,879,0.4379,0.8802,0.0521,-1.0635,1.7482,GE180921C00010000
GE,13.33,*,GE180921P00010000,,put,09/21/2018,04/16/2018,10,0.18,0.16,0.19,66,16419,0.3876,-0.0979,0.0509,-0.6476,1.5122,GE180921P00010000
GE,13.33,*,GE180921C00011000,,call,09/21/2018,04/16/2018,11,2.7,2.55,2.98,27,447,0.3594,0.8345,0.0791,-1.0902,2.1769,GE180921C00011000
GE,13.33,*,GE180921P00011000,,put,09/21/2018,04/16/2018,11,0.31,0.28,0.34,187,7460,0.3596,-0.1656,0.0791,-0.8535,2.1778,GE180921P00011000
GE,13.33,*,GE180921C00012000,,call,09/21/2018,04/16/2018,12,1.9,1.89,1.98,144,3899,0.3224,0.7411,0.1147,-1.2324,2.8324,GE180921C00012000
GE,13.33,*,GE180921P00012000,,put,09/21/2018,04/16/2018,12,0.53,0.54,0.55,19,19890,0.3407,-0.2664,0.1101,-1.0466,2.8742,GE180921P00012000
GE,13.33,*,GE180921C00013000,,call,09/21/2018,04/16/2018,13,1.29,1.26,1.37,419,5539,0.3136,0.6065,0.1401,-1.372,3.3662,GE180921C00013000
GE,13.33,*,GE180921P00013000,,put,09/21/2018,04/16/2018,13,0.91,0.87,0.94,436,74752,0.3259,-0.3943,0.1349,-1.139,3.3682,GE180921P00013000
GE,13.33,*,GE180921C00014000,,call,09/21/2018,04/16/2018,14,0.82,0.78,0.87,491,9541,0.3019,0.4598,0.1502,-1.3321,3.4737,GE180921C00014000
GE,13.33,*,GE180921P00014000,,put,09/21/2018,04/16/2018,14,1.34,1.39,1.5,129,36952,0.3251,-0.5315,0.1398,-1.1266,3.4806,GE180921P00014000
GE,13.33,*,GE180921C00015000,,call,09/21/2018,04/16/2018,15,0.48,0.47,0.5,732,19590,0.294,0.3205,0.1391,-1.1506,3.1317,GE180921C00015000
GE,13.33,*,GE180921P00015000,,put,09/21/2018,04/16/2018,15,2.08,2.05,2.34,151,83008,0.3495,-0.6401,0.1223,-1.0935,3.2739,GE180921P00015000
GE,13.33,*,GE180921C00016000,,call,09/21/2018,04/16/2018,16,0.27,0.25,0.3,592,100679,0.2912,0.2089,0.1127,-0.9041,2.5145,GE180921C00016000
GE,13.33,*,GE180921P00016000,,put,09/21/2018,04/16/2018,16,2.9,2.69,3.15,1,17376,0.3309,-0.7544,0.1087,-0.7749,2.7547,GE180921P00016000
GE,13.33,*,GE180921C00017000,,call,09/21/2018,04/16/2018,17,0.15,0.13,0.16,121,31805,0.2869,0.1257,0.0823,-0.6352,1.8084,GE180921C00017000
GE,13.33,*,GE180921P00017000,,put,09/21/2018,04/16/2018,17,3.47,2.02,4.75,0,12992,0.3309,-0.8334,0.0863,-0.5154,2.1863,GE180921P00017000
GE,13.33,*,GE180921C00018000,,call,09/21/2018,04/16/2018,18,0.09,0.08,0.1,1184,33341,0.2973,0.0818,0.0581,-0.4781,1.3232,GE180921C00018000
GE,13.33,*,GE180921P00018000,,put,09/21/2018,04/16/2018,18,4.7,4,6.3,5,41521,0.3309,-0.8908,0.0646,-0.2685,1.6373,GE180921P00018000
GE,13.33,*,GE180921C00019000,,call,09/21/2018,04/16/2018,19,0.05,0.05,0.07,65,14695,0.3103,0.0557,0.0414,-0.3689,0.9837,GE180921C00019000
GE,13.33,*,GE180921P00019000,,put,09/21/2018,04/16/2018,19,5.6,4,7.4,622,6141,0.3309,-0.9305,0.0461,-0.0567,1.1686,GE180921P00019000
GE,13.33,*,GE180921C00020000,,call,09/21/2018,04/16/2018,20,0.04,0.02,0.05,571,42151,0.3113,0.0331,0.0271,-0.2422,0.6461,GE180921C00020000
GE,13.33,*,GE180921P00020000,,put,09/21/2018,04/16/2018,20,6.52,6.45,7.2,0,12318,0.3309,-0.9569,0.0316,0.1127,0.8014,GE180921P00020000
GE,13.33,*,GE180921C00021000,,call,09/21/2018,04/16/2018,21,0.03,0.02,0.06,24,11392,0.3113,0.019,0.017,-0.1514,0.405,GE180921C00021000
GE,13.33,*,GE180921P00021000,,put,09/21/2018,04/16/2018,21,8.1,6,9.4,0,142,0.3309,-0.9738,0.021,0.2424,0.5316,GE180921P00021000
GE,13.33,*,GE180921C00022000,,call,09/21/2018,04/16/2018,22,0.03,0.02,0.06,0,20848,0.3113,0.0106,0.0103,-0.0917,0.2461,GE180921C00022000
GE,13.33,*,GE180921P00022000,,put,09/21/2018,04/16/2018,22,8.5,7,10.6,0,97,0.3309,-0.9844,0.0135,0.3392,0.3429,GE180921P00022000
GE,13.33,*,GE180921C00023000,,call,09/21/2018,04/16/2018,23,0,0.02,0.06,0,15351,0.3113,0.0059,0.0061,-0.0542,0.1456,GE180921C00023000
GE,13.33,*,GE180921P00023000,,put,09/21/2018,04/16/2018,23,9.5,9,11.35,0,12966,0.3309,-0.9908,0.0085,0.4112,0.2161,GE180921P00023000
GE,13.33,*,GE180921C00024000,,call,09/21/2018,04/16/2018,24,0.02,0,0.07,0,1729,0.3113,0.0032,0.0035,-0.0313,0.0843,GE180921C00024000
GE,13.33,*,GE180921P00024000,,put,09/21/2018,04/16/2018,24,11.05,9.1,12.4,0,175,0.3309,-0.9947,0.0053,0.4655,0.1335,GE180921P00024000
GE,13.33,*,GE180921C00025000,,call,09/21/2018,04/16/2018,25,0.03,0.01,0.02,0,36533,0.3113,0.0017,0.002,-0.0178,0.0479,GE180921C00025000
GE,13.33,*,GE180921P00025000,,put,09/21/2018,04/16/2018,25,11.34,10.05,13.45,0,3040,0.3309,-0.997,0.0032,0.5078,0.0812,GE180921P00025000
GE,13.33,*,GE180921C00027000,,call,09/21/2018,04/16/2018,27,0.01,0,0.05,1,8953,0.3113,0.0005,0.0006,-0.0055,0.0148,GE180921C00027000
GE,13.33,*,GE180921P00027000,,put,09/21/2018,04/16/2018,27,13.73,12.1,15.35,394,2436,0.3309,-0.999,0.0011,0.5716,0.0289,GE180921P00027000
GE,13.33,*,GE180921C00030000,,call,09/21/2018,04/16/2018,30,0.01,0,0.05,0,4589,0.3113,0.0001,0.0001,-0.0009,0.0024,GE180921C00030000
GE,13.33,*,GE180921P00030000,,put,09/21/2018,04/16/2018,30,16.9,15,18.45,0,7293,0.3309,-0.9998,0.0002,0.6455,0.0057,GE180921P00030000
GE,13.33,*,GE180921C00032000,,call,09/21/2018,04/16/2018,32,0.01,0,0.03,0,2293,0.3113,0,0,-0.0002,0.0007,GE180921C00032000
GE,13.33,*,GE180921P00032000,,put,09/21/2018,04/16/2018,32,18.75,16.65,20.65,0,0,0.3309,-0.9999,0.0001,0.6902,0.0019,GE180921P00032000
GE,13.33,*,GE180921C00035000,,call,09/21/2018,04/16/2018,35,0.02,0,0.05,0,1358,0.3113,0,0,0,0.0001,GE180921C00035000
GE,13.33,*,GE180921P00035000,,put,09/21/2018,04/16/2018,35,17.6,19.6,23.85,0,0,0.3309,-1,0,0.7556,0.0003,GE180921P00035000
GE,13.33,*,GE180921C00037000,,call,09/21/2018,04/16/2018,37,0.05,0,0.06,0,141,0.3113,0,0,0,0,GE180921C00037000
GE,13.33,*,GE180921P00037000,,put,09/21/2018,04/16/2018,37,11.7,22.15,25.3,0,1,0.3309,-1,0,0.7989,0.0001,GE180921P00037000
GE,13.33,*,GE180921C00040000,,call,09/21/2018,04/16/2018,40,0.02,0,0.05,0,521,0.3113,0,0,0,0,GE180921C00040000
GE,13.33,*,GE180921P00040000,,put,09/21/2018,04/16/2018,40,25.12,25,28.4,0,0,0.3309,-1,0,0.8637,0,GE180921P00040000
GE,13.33,*,GE190118C00005000,,call,01/18/2019,04/16/2018,5,8.2,7.5,9.35,0,178,0.4307,0.9978,0.0014,-0.1293,0.0802,GE190118C00005000
GE,13.33,*,GE190118P00005000,,put,01/18/2019,04/16/2018,5,0.03,0.02,0.04,4,4463,0.5601,-0.011,0.0045,-0.1206,0.3365,GE190118P00005000
GE,13.33,*,GE190118C00008000,,call,01/18/2019,04/16/2018,8,5.55,5.15,6.4,20,707,0.4307,0.9445,0.0224,-0.522,1.2992,GE190118C00008000
GE,13.33,*,GE190118P00008000,,put,01/18/2019,04/16/2018,8,0.15,0.12,0.15,54,4969,0.4288,-0.0549,0.0223,-0.3459,1.2881,GE190118P00008000
GE,13.33,*,GE190118C00010000,,call,01/18/2019,04/16/2018,10,3.79,3.7,3.95,64,8957,0.364,0.8682,0.0506,-0.7645,2.4768,GE190118C00010000
GE,13.33,*,GE190118P00010000,,put,01/18/2019,04/16/2018,10,0.38,0.37,0.38,1507,78523,0.3843,-0.1409,0.0502,-0.6091,2.5932,GE190118P00010000
GE,13.33,*,GE190118C00013000,,call,01/18/2019,04/16/2018,13,1.69,1.67,1.73,808,74822,0.3127,0.6136,0.1055,-1.0578,4.4381,GE190118C00013000
GE,13.33,*,GE190118P00013000,,put,01/18/2019,04/16/2018,13,1.24,1.21,1.25,1869,292149,0.3289,-0.3865,0.1003,-0.825,4.4387,GE190118P00013000
GE,13.33,*,GE190118C00015000,,call,01/18/2019,04/16/2018,15,0.85,0.83,0.86,2665,107666,0.298,0.3967,0.1115,-0.9768,4.4711,GE190118C00015000
GE,13.33,*,GE190118P00015000,,put,01/18/2019,04/16/2018,15,2.39,2.31,2.43,137,178356,0.3203,-0.589,0.1047,-0.7316,4.5115,GE190118P00015000
GE,13.33,*,GE190118C00018000,,call,01/18/2019,04/16/2018,18,0.29,0.27,0.29,601,157466,0.3003,0.1696,0.0725,-0.6244,2.9307,GE190118C00018000
GE,13.33,*,GE190118P00018000,,put,01/18/2019,04/16/2018,18,4.82,4.7,4.9,24,130565,0.3444,-0.7874,0.0727,-0.4325,3.3669,GE190118P00018000
GE,13.33,*,GE190118C00020000,,call,01/18/2019,04/16/2018,20,0.15,0.15,0.16,396,177064,0.3156,0.1003,0.048,-0.4508,2.0394,GE190118C00020000
GE,13.33,*,GE190118P00020000,,put,01/18/2019,04/16/2018,20,6.6,6.55,6.8,12,109792,0.3838,-0.841,0.0544,-0.3228,2.8106,GE190118P00020000
GE,13.33,*,GE190118C00023000,,call,01/18/2019,04/16/2018,23,0.07,0.06,0.09,125,154863,0.3395,0.0502,0.0263,-0.282,1.1998,GE190118C00023000
GE,13.33,*,GE190118P00023000,,put,01/18/2019,04/16/2018,23,9.7,9.6,9.75,2,36256,0.4909,-0.8473,0.0414,-0.4303,2.7367,GE190118P00023000
GE,13.33,*,GE190118C00025000,,call,01/18/2019,04/16/2018,25,0.05,0.05,0.08,227,180499,0.371,0.0413,0.0206,-0.262,1.0262,GE190118C00025000
GE,13.33,*,GE190118P00025000,,put,01/18/2019,04/16/2018,25,11.72,11.15,13.4,414,49780,0.4328,-0.9248,0.0283,0.0469,1.6459,GE190118P00025000
GE,13.33,*,GE190118C00028000,,call,01/18/2019,04/16/2018,28,0.04,0.03,0.04,24,108747,0.3861,0.0232,0.0122,-0.1682,0.6361,GE190118C00028000
GE,13.33,*,GE190118P00028000,,put,01/18/2019,04/16/2018,28,14.95,13.1,15.05,0,14601,0.4328,-0.959,0.0175,0.2983,1.0205,GE190118P00028000
GE,13.33,*,GE190118C00030000,,call,01/18/2019,04/16/2018,30,0.03,0.02,0.04,40,115507,0.4053,0.0189,0.0098,-0.1481,0.5351,GE190118C00030000
GE,13.33,*,GE190118P00030000,,put,01/18/2019,04/16/2018,30,16.99,14.5,17.7,0,20367,0.4328,-0.9727,0.0125,0.4277,0.7298,GE190118P00030000
GE,13.33,*,GE190118C00032000,,call,01/18/2019,04/16/2018,32,0.02,0.01,0.02,3,34688,0.3967,0.0103,0.0059,-0.0855,0.3161,GE190118C00032000
GE,13.33,*,GE190118P00032000,,put,01/18/2019,04/16/2018,32,18.7,16.9,19.45,10,1476,0.4328,-0.9818,0.0089,0.5336,0.5173,GE190118P00032000
GE,13.33,*,GE190118C00035000,,call,01/18/2019,04/16/2018,35,0.01,0.01,0.02,0,40740,0.4311,0.0096,0.0051,-0.0873,0.298,GE190118C00035000
GE,13.33,*,GE190118P00035000,,put,01/18/2019,04/16/2018,35,21.8,20.05,23.35,0,35,0.4328,-0.9901,0.0052,0.6605,0.3056,GE190118P00035000
GE,13.33,*,GE190118C00037000,,call,01/18/2019,04/16/2018,37,0.04,0,0.05,0,15787,0.4311,0.0064,0.0036,-0.061,0.2084,GE190118C00037000
GE,13.33,*,GE190118P00037000,,put,01/18/2019,04/16/2018,37,22.8,21.95,25.45,0,1,0.4328,-0.9934,0.0037,0.7303,0.2143,GE190118P00037000
GE,13.33,*,GE190118C00040000,,call,01/18/2019,04/16/2018,40,0.01,0,0.02,0,20521,0.4311,0.0035,0.0021,-0.0355,0.1215,GE190118C00040000
GE,13.33,*,GE190118P00040000,,put,01/18/2019,04/16/2018,40,26.62,26.6,27.4,211,109,0.4328,-0.9964,0.0022,0.8207,0.1255,GE190118P00040000
GE,13.33,*,GE190118C00042000,,call,01/18/2019,04/16/2018,42,0.01,0.01,0.02,0,3637,0.4311,0.0023,0.0015,-0.0248,0.0848,GE190118C00042000
GE,13.33,*,GE190118P00042000,,put,01/18/2019,04/16/2018,42,24.25,26.65,30.95,0,5,0.4328,-0.9976,0.0015,0.8747,0.0879,GE190118P00042000
GE,13.33,*,GE190118C00045000,,call,01/18/2019,04/16/2018,45,0.01,0,0.02,0,7998,0.4311,0.0013,0.0009,-0.0145,0.0496,GE190118C00045000
GE,13.33,*,GE190118P00045000,,put,01/18/2019,04/16/2018,45,31.98,29.95,33.45,0,0,0.4328,-0.9986,0.0009,0.9497,0.0516,GE190118P00045000
GE,13.33,*,GE200117C00003000,,call,01/17/2020,04/16/2018,3,10.7,9.9,12.7,0,955,0.7139,0.9817,0.0036,-0.2162,0.7922,GE200117C00003000
GE,13.33,*,GE200117P00003000,,put,01/17/2020,04/16/2018,3,0.03,0.02,0.06,0,1026,0.5741,-0.0084,0.0023,-0.0627,0.4032,GE200117P00003000
GE,13.33,*,GE200117C00005000,,call,01/17/2020,04/16/2018,5,8.7,6.3,10.9,0,645,0.7139,0.9395,0.0095,-0.5072,2.118,GE200117C00005000
GE,13.33,*,GE200117P00005000,,put,01/17/2020,04/16/2018,5,0.11,0.09,0.14,0,2317,0.4802,-0.0274,0.0075,-0.1422,1.1154,GE200117P00005000
GE,13.33,*,GE200117C00008000,,call,01/17/2020,04/16/2018,8,6,5.8,6.35,2,6182,0.4015,0.9028,0.0242,-0.4778,3.0339,GE200117C00008000
GE,13.33,*,GE200117P00008000,,put,01/17/2020,04/16/2018,8,0.38,0.33,0.4,35,4315,0.3852,-0.0916,0.0242,-0.2844,2.9056,GE200117P00008000
GE,13.33,*,GE200117C00010000,,call,01/17/2020,04/16/2018,10,4.4,4.35,4.5,86,16089,0.3466,0.8261,0.042,-0.5913,4.5327,GE200117C00010000
GE,13.33,*,GE200117P00010000,,put,01/17/2020,04/16/2018,10,0.77,0.71,0.8,37,27488,0.3542,-0.1765,0.0414,-0.3942,4.576,GE200117P00010000
GE,13.33,*,GE200117C00013000,,call,01/17/2020,04/16/2018,13,2.66,2.58,2.75,962,34229,0.3302,0.6419,0.0641,-0.7488,6.5935,GE200117C00013000
GE,13.33,*,GE200117P00013000,,put,01/17/2020,04/16/2018,13,1.9,1.7,2,89,60843,0.33,-0.3582,0.0641,-0.4758,6.5936,GE200117P00013000
GE,13.33,*,GE200117C00015000,,call,01/17/2020,04/16/2018,15,1.8,1.7,1.89,3637,86782,0.3169,0.5079,0.0713,-0.7445,7.0423,GE200117C00015000
GE,13.33,*,GE200117P00015000,,put,01/17/2020,04/16/2018,15,2.99,3,3.25,2024,69489,0.3485,-0.4769,0.0647,-0.4918,7.0318,GE200117P00015000
GE,13.33,*,GE200117C00018000,,call,01/17/2020,04/16/2018,18,0.95,0.95,1,261,78769,0.3099,0.3324,0.0664,-0.6417,6.4124,GE200117C00018000
GE,13.33,*,GE200117P00018000,,put,01/17/2020,04/16/2018,18,5.15,5.1,5.5,2,26268,0.3596,-0.6225,0.0598,-0.3912,6.7086,GE200117P00018000
GE,13.33,*,GE200117C00020000,,call,01/17/2020,04/16/2018,20,0.63,0.61,0.7,2555,130755,0.3102,0.2454,0.0575,-0.5481,5.5555,GE200117C00020000
GE,13.33,*,GE200117P00020000,,put,01/17/2020,04/16/2018,20,6.8,6.85,7.05,265,29424,0.3728,-0.6905,0.0536,-0.3092,6.2243,GE200117P00020000
GE,13.33,*,GE200117C00022000,,call,01/17/2020,04/16/2018,22,0.44,0.38,0.5,173,39075,0.3093,0.1775,0.0476,-0.4469,4.5928,GE200117C00022000
GE,13.33,*,GE200117P00022000,,put,01/17/2020,04/16/2018,22,8.6,6.45,9.1,0,4846,0.3585,-0.7695,0.048,-0.139,5.3677,GE200117P00022000
GE,13.33,*,GE200117C00025000,,call,01/17/2020,04/16/2018,25,0.26,0.2,0.28,155,68664,0.3087,0.1075,0.0339,-0.3133,3.265,GE200117C00025000
GE,13.33,*,GE200117P00025000,,put,01/17/2020,04/16/2018,25,11.48,9.5,13.9,25,2362,0.3906,-0.8114,0.0392,-0.0489,4.7699,GE200117P00025000
GE,13.33,*,GE200117C00027000,,call,01/17/2020,04/16/2018,27,0.2,0.13,0.25,0,7774,0.3179,0.0846,0.0276,-0.2685,2.7371,GE200117C00027000
GE,13.33,*,GE200117P00027000,,put,01/17/2020,04/16/2018,27,13.3,11.35,14.5,0,231,0.3906,-0.8489,0.034,0.0715,4.1368,GE200117P00027000
GE,13.33,*,GE200117C00030000,,call,01/17/2020,04/16/2018,30,0.13,0.08,0.2,105,27635,0.3312,0.0615,0.0208,-0.2173,2.1431,GE200117C00030000
GE,13.33,*,GE200117P00030000,,put,01/17/2020,04/16/2018,30,16.86,14.3,18,0,114,0.3906,-0.8916,0.027,0.2387,3.2841,GE200117P00030000
GE,13.33,*,GE200117C00035000,,call,01/17/2020,04/16/2018,35,0.08,0.06,0.08,9,10889,0.3419,0.0343,0.0126,-0.1392,1.3424,GE200117C00035000
GE,13.33,*,GE200117P00035000,,put,01/17/2020,04/16/2018,35,21.75,19.5,23.95,0,0,0.3906,-0.9374,0.0179,0.4774,2.1741,GE200117P00035000
GE,13.33,*,GE200117C00040000,,call,01/17/2020,04/16/2018,40,0.06,0.04,0.08,1,20116,0.3695,0.0273,0.0096,-0.1235,1.1098,GE200117C00040000
GE,13.33,*,GE200117P00040000,,put,01/17/2020,04/16/2018,40,26.76,24.6,28.85,0,6,0.3906,-0.9634,0.0116,0.6728,1.4156,GE200117P00040000
